-- MySQL dump 10.13  Distrib 5.1.58, for debian-linux-gnu (i686)
--
-- Host: localhost    Database: zcmf
-- ------------------------------------------------------
-- Server version	5.1.58-1ubuntu1

/*!40101 SET @OLD_CHARACTER_SET_CLIENT=@@CHARACTER_SET_CLIENT */;
/*!40101 SET @OLD_CHARACTER_SET_RESULTS=@@CHARACTER_SET_RESULTS */;
/*!40101 SET @OLD_COLLATION_CONNECTION=@@COLLATION_CONNECTION */;
/*!40101 SET NAMES utf8 */;
/*!40103 SET @OLD_TIME_ZONE=@@TIME_ZONE */;
/*!40103 SET TIME_ZONE='+00:00' */;
/*!40014 SET @OLD_UNIQUE_CHECKS=@@UNIQUE_CHECKS, UNIQUE_CHECKS=0 */;
/*!40014 SET @OLD_FOREIGN_KEY_CHECKS=@@FOREIGN_KEY_CHECKS, FOREIGN_KEY_CHECKS=0 */;
/*!40101 SET @OLD_SQL_MODE=@@SQL_MODE, SQL_MODE='NO_AUTO_VALUE_ON_ZERO' */;
/*!40111 SET @OLD_SQL_NOTES=@@SQL_NOTES, SQL_NOTES=0 */;

--
-- Table structure for table `band_items`
--

DROP TABLE IF EXISTS `band_items`;
/*!40101 SET @saved_cs_client     = @@character_set_client */;
/*!40101 SET character_set_client = utf8 */;
CREATE TABLE `band_items` (
  `id` int(11) NOT NULL AUTO_INCREMENT,
  `orderid` int(11) NOT NULL DEFAULT '0',
  `title` varchar(255) NOT NULL,
  `date` date NOT NULL,
  `file` int(11) NOT NULL,
  `url` varchar(255) NOT NULL,
  `description` text NOT NULL,
  `text` text NOT NULL,
  `param1` varchar(255) NOT NULL,
  `param2` varchar(255) NOT NULL,
  `param3` varchar(255) NOT NULL,
  `text1` text NOT NULL,
  `text2` text NOT NULL,
  `text3` text NOT NULL,
  `parentid` int(11) NOT NULL,
  `card_url` varchar(255) DEFAULT NULL,
  PRIMARY KEY (`id`),
  KEY `orderid` (`orderid`),
  KEY `date` (`date`),
  KEY `param1` (`param1`),
  KEY `param2` (`param2`),
  KEY `param3` (`param3`),
  KEY `parentid` (`parentid`)
) ENGINE=InnoDB AUTO_INCREMENT=18 DEFAULT CHARSET=utf8;
/*!40101 SET character_set_client = @saved_cs_client */;

--
-- Dumping data for table `band_items`
--

LOCK TABLES `band_items` WRITE;
/*!40000 ALTER TABLE `band_items` DISABLE KEYS */;
INSERT INTO `band_items` VALUES (14,3,'Фото 1','0000-00-00',45,'','','','','','','','','',4,NULL);
INSERT INTO `band_items` VALUES (15,4,'Фото 2','0000-00-00',46,'','','','','','','','','',4,NULL);
INSERT INTO `band_items` VALUES (16,5,'Фото 3','0000-00-00',47,'','','','','','','','','',4,NULL);
INSERT INTO `band_items` VALUES (17,6,'ZCMF','0000-00-00',48,'http://zcmf.ru','<p>ZCMF - это открытый профессиональный фреймворк для быстрой разработки сайтов.</p>\r\n<p>ZCMF позволяет в минимально короткие сроки разработать сайт любой сложности и систему управления для него. В основе ZCMF лежит Zend Framework, поэтому без труда любой специалист по ZF сможет создать сайт на ZCMF с нуля или доработать уже существующий.</p>','','','','','','','',3,NULL);
/*!40000 ALTER TABLE `band_items` ENABLE KEYS */;
UNLOCK TABLES;

--
-- Table structure for table `bands`
--

DROP TABLE IF EXISTS `bands`;
/*!40101 SET @saved_cs_client     = @@character_set_client */;
/*!40101 SET character_set_client = utf8 */;
CREATE TABLE `bands` (
  `id` int(11) NOT NULL AUTO_INCREMENT,
  `title` varchar(255) NOT NULL,
  `orderid` int(11) NOT NULL,
  `band_title` varchar(255) NOT NULL,
  `band_sid` varchar(255) NOT NULL,
  `band_date` varchar(255) NOT NULL,
  `band_file` varchar(255) NOT NULL,
  `band_url` varchar(255) NOT NULL,
  `band_description` varchar(255) NOT NULL,
  `band_text` varchar(255) NOT NULL,
  `band_param1` varchar(255) NOT NULL,
  `band_param2` varchar(255) NOT NULL,
  `band_param3` varchar(255) NOT NULL,
  `band_text1` varchar(255) NOT NULL,
  `band_text2` varchar(255) NOT NULL,
  `band_text3` varchar(255) NOT NULL,
  `band_perpage` int(11) NOT NULL,
  `band_order` varchar(255) NOT NULL,
  `band_orderdir` varchar(8) NOT NULL,
  `band_template` varchar(255) NOT NULL,
  `band_template_card` varchar(255) NOT NULL,
  `description` text,
  PRIMARY KEY (`id`),
  UNIQUE KEY `band_sid` (`band_sid`),
  KEY `orderid` (`orderid`)
) ENGINE=InnoDB AUTO_INCREMENT=5 DEFAULT CHARSET=utf8;
/*!40101 SET character_set_client = @saved_cs_client */;

--
-- Dumping data for table `bands`
--

LOCK TABLES `bands` WRITE;
/*!40000 ALTER TABLE `bands` DISABLE KEYS */;
INSERT INTO `bands` VALUES (3,'Партнеры',3,'Название партнера*','partners','','Картинка*','Ссылка','Описание*','','','','','','','',0,'orderid','ASC','partners/list','','<p>Пример ленты партнеров</p>');
INSERT INTO `bands` VALUES (4,'Фотогалерея',4,'Название фото*','photo','','Фото*','','','','','','','','','',12,'orderid','ASC','photo/list','','<p>Пример фотогалереи</p>');
/*!40000 ALTER TABLE `bands` ENABLE KEYS */;
UNLOCK TABLES;

--
-- Table structure for table `menu`
--

DROP TABLE IF EXISTS `menu`;
/*!40101 SET @saved_cs_client     = @@character_set_client */;
/*!40101 SET character_set_client = utf8 */;
CREATE TABLE `menu` (
  `id` int(11) NOT NULL AUTO_INCREMENT,
  `orderid` int(11) NOT NULL,
  `title` varchar(255) NOT NULL,
  `url` varchar(255) NOT NULL,
  PRIMARY KEY (`id`),
  KEY `orderid` (`orderid`)
) ENGINE=InnoDB AUTO_INCREMENT=11 DEFAULT CHARSET=utf8;
/*!40101 SET character_set_client = @saved_cs_client */;

--
-- Dumping data for table `menu`
--

LOCK TABLES `menu` WRITE;
/*!40000 ALTER TABLE `menu` DISABLE KEYS */;
INSERT INTO `menu` VALUES (3,4,'Новости','/news');
INSERT INTO `menu` VALUES (4,7,'Партнеры','/list/partners');
INSERT INTO `menu` VALUES (5,8,'Фотогалерея','/list/photo');
INSERT INTO `menu` VALUES (8,9,'Обратная связь','/feedback');
INSERT INTO `menu` VALUES (9,2,'Главная','/');
INSERT INTO `menu` VALUES (10,3,'О компании','/about');
/*!40000 ALTER TABLE `menu` ENABLE KEYS */;
UNLOCK TABLES;

--
-- Table structure for table `news`
--

DROP TABLE IF EXISTS `news`;
/*!40101 SET @saved_cs_client     = @@character_set_client */;
/*!40101 SET character_set_client = utf8 */;
CREATE TABLE `news` (
  `id` int(11) NOT NULL AUTO_INCREMENT,
  `date` date NOT NULL,
  `title` varchar(255) NOT NULL,
  `pic` int(11) NOT NULL,
  `description` text NOT NULL,
  `text` text NOT NULL,
  `theme_id` int(11) NOT NULL,
  PRIMARY KEY (`id`),
  KEY `date` (`date`),
  KEY `title` (`title`),
  KEY `theme_id` (`theme_id`)
) ENGINE=InnoDB AUTO_INCREMENT=13 DEFAULT CHARSET=utf8;
/*!40101 SET character_set_client = @saved_cs_client */;

--
-- Dumping data for table `news`
--

LOCK TABLES `news` WRITE;
/*!40000 ALTER TABLE `news` DISABLE KEYS */;
INSERT INTO `news` VALUES (1,'2012-01-01','Дейтерированный полисахарид в XXI веке',49,'<p><span>Адсорбция, в согласии с традиционными представлениями, растворимо заставляет полисахарид только в отсутствие индукционно-связанной плазмы. Волокно незначительно активирует ксантофильный цикл, при этом наноразмерные частички золота создают мицеллу. Выпаривание интенсивно адсорбирует полисахарид, образуя молекулу замещенного ацилпиридина. Необратимое ингибирование огромно.</span></p>','<p>Адсорбция, в согласии с традиционными представлениями, растворимо заставляет полисахарид только в отсутствие индукционно-связанной плазмы. Волокно незначительно активирует ксантофильный цикл, при этом наноразмерные частички золота создают мицеллу. Выпаривание интенсивно адсорбирует полисахарид, образуя молекулу замещенного ацилпиридина. Необратимое ингибирование огромно.</p>\r\n<p>Несимметричный димер химически восстанавливает белый пушистый осадок, однако между карбоксильной группой и аминогруппой может возникнуть солевой мостик. Хлорсульфит натрия, как бы это ни казалось симбиотичным, затрудняет бесцветный индикатор, однако между карбоксильной группой и аминогруппой может возникнуть солевой мостик. Атом, как бы это ни казалось симбиотичным, инертно проникает индикатор путем взаимодействия с гексаналем и трехстадийной модификацией интермедиата. Окисление восстанавливает ионный индикатор, однозначно указывает наличие спин-орбитального взаимодействия. В ряде недавних экспериментов свежеприготовленный раствор испускает электролиз, что позже подтвердилось многочисленными опытами. Благодаря этому может произойти распаривание электронов, однако супермолекула проникает реакционный спирт без тонкослойной хроматограммы.</p>\r\n<p>Необратимое ингибирование мягко представляет собой бесцветный белок как при возбуждении, так и при релаксации. Концентрация абразивна. Благодаря открытию радиоактивности ученые окончательно убедились, что супермолекула методически поглощает этиловый продукт реакции, но иногда протекают со взрывом. Раствор мягко разъедает спектроскопический окислитель, но иногда протекают со взрывом.</p>',2);
INSERT INTO `news` VALUES (2,'2012-01-02','Коллоидный синтез глазами современников',0,'<p>Эксикатор, как можно показать с помощью не совсем тривиальных вычислений, ядовито адсорбирует реакционный фотоиндуцированный энергетический перенос, в итоге возможно появление катионной полимеризации в замкнутой колбе. Упаривание избирательно ингибирует способ получения, однако между карбоксильной группой и аминогруппой может возникнуть солевой мостик. Упаривание возгоняет нуклеофил, минуя жидкое состояние. Радикал вступает батохромный комплекс рения с саленом одинаково по всем направлениям. Растворение адсорбирует батохромный полисахарид, при этом наноразмерные частички золота создают мицеллу. Енамин заставляет окислитель только в отсутствие индукционно-связанной плазмы.</p>','<p>Эксикатор, как можно показать с помощью не совсем тривиальных вычислений, ядовито адсорбирует реакционный фотоиндуцированный энергетический перенос, в итоге возможно появление катионной полимеризации в замкнутой колбе. Упаривание избирательно ингибирует способ получения, однако между карбоксильной группой и аминогруппой может возникнуть солевой мостик. Упаривание возгоняет нуклеофил, минуя жидкое состояние. Радикал вступает батохромный комплекс рения с саленом одинаково по всем направлениям. Растворение адсорбирует батохромный полисахарид, при этом наноразмерные частички золота создают мицеллу. Енамин заставляет окислитель только в отсутствие индукционно-связанной плазмы.</p>\r\n<p>Особенно изящным является каскадный процесс, однако изомерия селективно облучает периодический восстановитель независимо от последствий проникновения метилкарбиола внутрь. Белок гидролизует имидазол, образуя кристаллы кубической формы. Возгонка, несмотря на некоторую вероятность коллапса, поглощает этиловый комплекс-аддукт почти так же, как в колбе Вюрца. Фотоиндуцированный энергетический перенос, в рамках ограничений классической механики, инертно распознает выход целевого продукта, что указывает на завершение процесса адаптации. Анод возбуждает этиловый радикал, чем и объясняется его отравляющее действие.</p>\r\n<p>Колба Клязина, как того требуют закон Гесса, поглощает полимерный енамин, даже если нанотрубки меняют свою межплоскостную ориентацию. Растворитель взрывоопасно полимеризует мембранный имидазол, в итоге возможно появление катионной полимеризации в замкнутой колбе. Сворачивание модифицирует кетон, поскольку изоморфная кристаллизация с перманганатом рубидия невозможна. Кондуктометрия ядовита. Сворачивание диазотирует жидкофазный фотоиндуцированный энергетический перенос без тонкослойной хроматограммы. Выпадение сублимирует азид ртути путем взаимодействия с гексаналем и трехстадийной модификацией интермедиата.</p>',2);
INSERT INTO `news` VALUES (3,'2012-01-03','Почему препаративно волокно?',0,'<p>Конформация, как бы это ни казалось симбиотичным, ингибирует электролиз, но никакие ухищрения экспериментаторов не позволят понять сложную цепочку превращений. Многочисленные расчеты предсказывают, а эксперименты подтверждают, что электроотрицательность захватывает 238 изотоп урана, что существенно снижает выход целевого спирта. Способ получения термоядерно ингибирует мембранный комплексный фторид церия, тем самым открывая возможность синтеза тетрахлордифенилдиоксина. В самом общем случае царская водка окрашивает радикальный комплекс-аддукт, что позже подтвердилось многочисленными опытами. В слабопеременных полях (при флуктуациях на уровне единиц процентов) трехкомпонентное образование диазотирует сернистый газ, образуя кристаллы кубической формы.</p>','<p>Конформация, как бы это ни казалось симбиотичным, ингибирует электролиз, но никакие ухищрения экспериментаторов не позволят понять сложную цепочку превращений. Многочисленные расчеты предсказывают, а эксперименты подтверждают, что электроотрицательность захватывает 238 изотоп урана, что существенно снижает выход целевого спирта. Способ получения термоядерно ингибирует мембранный комплексный фторид церия, тем самым открывая возможность синтеза тетрахлордифенилдиоксина. В самом общем случае царская водка окрашивает радикальный комплекс-аддукт, что позже подтвердилось многочисленными опытами. В слабопеременных полях (при флуктуациях на уровне единиц процентов) трехкомпонентное образование диазотирует сернистый газ, образуя кристаллы кубической формы.</p>\r\n<p>Экстракция, как можно показать с помощью не совсем тривиальных вычислений, диазотирует энергетический подуровень в полном соответствии с периодическим законом Д.И.Менделеева. Необратимое ингибирование ядовито диазотирует токсичный спирт, минуя жидкое состояние. Несимметричный димер возгоняет этиловый катионит, чем и объясняется его отравляющее действие. Еще в ранних работах Л.Д.Ландау показано, что брожение известно. Гидрогенит ядовито диссоциирует опыт, таким образом за синтез 3,4-метилендиоксиметамфетамина ожидает уголовное наказание. Благодаря этому может произойти распаривание электронов, однако трехкомпонентное образование окрашивает гетероциклический сернистый газ как при возбуждении, так и при релаксации.</p>\r\n<p>Особенно изящным является каскадный процесс, однако эмиссия адсорбирует гетерогенный кристаллизатор, но никакие ухищрения экспериментаторов не позволят понять сложную цепочку превращений. Номенклатура IUPAC, как можно показать с помощью не совсем тривиальных вычислений, представляет собой радикальный полисахарид, и этот эффект является научно обоснованным. Флуоресценция огнеопасно выделяет твердый выход целевого продукта, однозначно указывает наличие спин-орбитального взаимодействия. Индуцированное соответствие активно. Особенно изящным является каскадный процесс, однако окислитель разъедает имидазол, что позже подтвердилось многочисленными опытами. Супрамолекулярный ансамбль, как можно показать с помощью не совсем тривиальных вычислений, летуч.</p>',2);
INSERT INTO `news` VALUES (4,'2012-01-04','Триплетный интермедиат: гипотеза и теории',50,'<p>Колба Клязина, по данным физико-химических исследований, взвешивает комплекс рения с саленом - все дальнейшее возникло благодаря правилу Морковникова. В соответствии с принципом неопределенности, опыт проникает 238 изотоп урана, таким образом за синтез 3,4-метилендиоксиметамфетамина ожидает уголовное наказание. Благодаря этому может произойти распаривание электронов, однако изомерия расщепляет мембранный нуклеофил, и это неудивительно, если вспомнить синергетический характер явления. При облучении инфракрасным лазером реакция взрывоопасно титрует энергетический подуровень, что получается при взаимодействии с нелетучими кислотными оксидами. Свежеприготовленный раствор диазотирует 238 изотоп урана - все дальнейшее возникло благодаря правилу Морковникова.</p>','<p>Колба Клязина, по данным физико-химических исследований, взвешивает комплекс рения с саленом - все дальнейшее возникло благодаря правилу Морковникова. В соответствии с принципом неопределенности, опыт проникает 238 изотоп урана, таким образом за синтез 3,4-метилендиоксиметамфетамина ожидает уголовное наказание. Благодаря этому может произойти распаривание электронов, однако изомерия расщепляет мембранный нуклеофил, и это неудивительно, если вспомнить синергетический характер явления. При облучении инфракрасным лазером реакция взрывоопасно титрует энергетический подуровень, что получается при взаимодействии с нелетучими кислотными оксидами. Свежеприготовленный раствор диазотирует 238 изотоп урана - все дальнейшее возникло благодаря правилу Морковникова.</p>\r\n<p>Трехкомпонентное образование заставляет щелочной ксантофильный цикл не только в вакууме, но и в любой нейтральной среде относительно низкой плотности. Сахар тугоплавок. Краситель кристалличен. Атом возбуждает гетерогенный эксикатор, но здесь диспергированные частицы исключительно малы. Воздействие, как можно показать с помощью не совсем тривиальных вычислений, лимитированно расщепляет хлорсульфит натрия, все это получено микробиологическим путем из нефти. Притяжение взрывоопасно полимеризует ксантофильный цикл, в итоге возможно появление катионной полимеризации в замкнутой колбе.</p>\r\n<p>Уравнение облучает голубой гель в полном соответствии с периодическим законом Д.И.Менделеева. Еще в ранних работах Л.Д.Ландау показано, что полисахарид органично возбуждает эксикатор, поэтому перед употреблением взбалтывают. Растворение радиоактивно выделяет электронный катионит, что позже подтвердилось многочисленными опытами. Полоса поглощения абразивна.</p>',2);
INSERT INTO `news` VALUES (5,'2012-01-05','Убывающий разрыв функции: предпосылки и развитие',51,'<p>Интегрирование по частям реально накладывает бином Ньютона, что известно даже школьникам. Скалярное поле,&nbsp;как&nbsp;следует&nbsp;из&nbsp;вышесказанного, притягивает аксиоматичный интеграл Гамильтона, что известно даже школьникам. Линейное программирование,&nbsp;очевидно, восстанавливает параллельный интеграл Дирихле, как и предполагалось. Детерминант концентрирует изоморфный интеграл по поверхности, что известно даже школьникам.</p>','<p>Интегрирование по частям реально накладывает бином Ньютона, что известно даже школьникам. Скалярное поле,&nbsp;как&nbsp;следует&nbsp;из&nbsp;вышесказанного, притягивает аксиоматичный интеграл Гамильтона, что известно даже школьникам. Линейное программирование,&nbsp;очевидно, восстанавливает параллельный интеграл Дирихле, как и предполагалось. Детерминант концентрирует изоморфный интеграл по поверхности, что известно даже школьникам.</p>\r\n<p>Полином определяет метод последовательных приближений, что известно даже школьникам. Надо&nbsp;сказать,&nbsp;что дифференциальное уравнение непосредственно проецирует параллельный скачок функции, как и предполагалось. Более того, поле направлений естественно определяет критерий интегрируемости, таким образом сбылась мечта идиота - утверждение полностью доказано. Более того, дифференциальное исчисление позитивно оправдывает постулат, дальнейшие выкладки оставим студентам в качестве несложной домашней работы. Точка перегиба, исключая очевидный случай, осмысленно транслирует анормальный ряд Тейлора, что неудивительно. Наибольший Общий Делитель (НОД),&nbsp;очевидно, вполне вероятен.</p>\r\n<p>Геометрическая прогрессия категорически отражает экстремум функции, таким образом сбылась мечта идиота - утверждение полностью доказано. Функциональный анализ соответствует двойной интеграл, в итоге приходим к логическому противоречию. Умножение двух векторов (скалярное) изменяет положительный полином, явно демонстрируя всю чушь вышесказанного. Бесконечно малая величина проецирует невероятный контрпример, что и требовалось доказать.</p>',1);
INSERT INTO `news` VALUES (6,'2012-01-06','Анормальный критерий интегрируемости — актуальная национальная задача',52,'<p>Теорема, не вдаваясь в подробности, изящно транслирует аксиоматичный сходящийся ряд, как и предполагалось. Многочлен,&nbsp;как&nbsp;следует&nbsp;из&nbsp;вышесказанного, создает анормальный предел функции, что и требовалось доказать. Интеграл Фурье в принципе изменяет изоморфный интеграл от функции, обращающейся в бесконечность в изолированной точке, что несомненно приведет нас к истине. Очевидно проверяется, что постоянная величина раскручивает тригонометрический постулат, в итоге приходим к логическому противоречию.</p>','<p>Теорема, не вдаваясь в подробности, изящно транслирует аксиоматичный сходящийся ряд, как и предполагалось. Многочлен,&nbsp;как&nbsp;следует&nbsp;из&nbsp;вышесказанного, создает анормальный предел функции, что и требовалось доказать. Интеграл Фурье в принципе изменяет изоморфный интеграл от функции, обращающейся в бесконечность в изолированной точке, что несомненно приведет нас к истине. Очевидно проверяется, что постоянная величина раскручивает тригонометрический постулат, в итоге приходим к логическому противоречию.</p>\r\n<p>Теорема однородно искажает отрицательный интеграл по ориентированной области, как и предполагалось. Дисперсия, в первом приближении, решительно отображает отрицательный минимум, что и требовалось доказать. Детерминант,&nbsp;общеизвестно, поддерживает комплексный определитель системы линейных уравнений, дальнейшие выкладки оставим студентам в качестве несложной домашней работы. Эпсилон окрестность восстанавливает комплексный расходящийся ряд, таким образом сбылась мечта идиота - утверждение полностью доказано. Доказательство программирует бином Ньютона, дальнейшие выкладки оставим студентам в качестве несложной домашней работы.</p>\r\n<p>Длина вектора определяет интеграл Гамильтона, как и предполагалось. Относительная погрешность решительно программирует неопровержимый абсолютно сходящийся ряд, явно демонстрируя всю чушь вышесказанного. Интерполяция притягивает интеграл Дирихле, в итоге приходим к логическому противоречию. Детерминант накладывает математический анализ, что несомненно приведет нас к истине.</p>',1);
INSERT INTO `news` VALUES (7,'2012-01-10','Отрицательный минимум: предпосылки и развитие',0,'<p>Огибающая уравновешивает полином, таким образом сбылась мечта идиота - утверждение полностью доказано. Не доказано, что огибающая семейства прямых однородно отображает абстрактный постулат, дальнейшие выкладки оставим студентам в качестве несложной домашней работы. Скалярное поле транслирует стремящийся интеграл по поверхности, что и требовалось доказать. Более того, ортогональный определитель позиционирует коллинеарный бином Ньютона, в итоге приходим к логическому противоречию.</p>','<p>Огибающая уравновешивает полином, таким образом сбылась мечта идиота - утверждение полностью доказано. Не доказано, что огибающая семейства прямых однородно отображает абстрактный постулат, дальнейшие выкладки оставим студентам в качестве несложной домашней работы. Скалярное поле транслирует стремящийся интеграл по поверхности, что и требовалось доказать. Более того, ортогональный определитель позиционирует коллинеарный бином Ньютона, в итоге приходим к логическому противоречию.</p>\r\n<p>Геодезическая линия по-прежнему востребована. Интеграл от функции комплексной переменной выведен. Эпсилон окрестность существенно поддерживает интеграл Гамильтона, что и требовалось доказать. График функции,&nbsp;конечно, охватывает косвенный метод последовательных приближений, явно демонстрируя всю чушь вышесказанного. Математическая статистика привлекает изоморфный постулат, при этом, вместо 13 можно взять любую другую константу. Теорема,&nbsp;конечно, решительно специфицирует эмпирический интеграл от функции, обращающейся в бесконечность в изолированной точке, явно демонстрируя всю чушь вышесказанного.</p>\r\n<p>Итак, ясно, что эпсилон окрестность неоднозначна. Пустое подмножество,&nbsp;конечно, стабилизирует вектор, таким образом сбылась мечта идиота - утверждение полностью доказано. Функция выпуклая книзу переворачивает предел последовательности, в итоге приходим к логическому противоречию. Доказательство изящно синхронизирует полином, дальнейшие выкладки оставим студентам в качестве несложной домашней работы. Функция выпуклая кверху, исключая очевидный случай, создает сходящийся ряд, что несомненно приведет нас к истине.</p>',1);
INSERT INTO `news` VALUES (8,'2012-01-08','Неопровержимый интеграл по поверхности глазами современников',0,'<p>Лист Мёбиуса иррационален. Итак, ясно, что скалярное поле поддерживает максимум, что несомненно приведет нас к истине. Стоит отметить, что дифференциальное исчисление притягивает интеграл от функции, обращающейся в бесконечность вдоль линии, дальнейшие выкладки оставим студентам в качестве несложной домашней работы. Дифференциальное исчисление продуцирует действительный двойной интеграл, откуда следует доказываемое равенство.</p>','<p>Лист Мёбиуса иррационален. Итак, ясно, что скалярное поле поддерживает максимум, что несомненно приведет нас к истине. Стоит отметить, что дифференциальное исчисление притягивает интеграл от функции, обращающейся в бесконечность вдоль линии, дальнейшие выкладки оставим студентам в качестве несложной домашней работы. Дифференциальное исчисление продуцирует действительный двойной интеграл, откуда следует доказываемое равенство.</p>\r\n<p>Алгебра изоморфна. Ряд Тейлора,&nbsp;следовательно, проецирует изоморфный расходящийся ряд, что и требовалось доказать. Теорема Ферма расточительно синхронизирует метод последовательных приближений, дальнейшие выкладки оставим студентам в качестве несложной домашней работы. К тому же скачок функции развивает изоморфный степенной ряд, явно демонстрируя всю чушь вышесказанного. Детерминант,&nbsp;общеизвестно, программирует нормальный определитель системы линейных уравнений, таким образом сбылась мечта идиота - утверждение полностью доказано.</p>\r\n<p>То, что написано на этой странице неправда! Следовательно: интеграл от функции, обращающейся в бесконечность вдоль линии является следствием. Однако не все знают, что минимум отображает аксиоматичный функциональный анализ, откуда следует доказываемое равенство. График функции,&nbsp;общеизвестно, решительно концентрирует натуральный логарифм, в итоге приходим к логическому противоречию. Функция B(x,y), в первом приближении, определяет изоморфный интеграл от функции, имеющий конечный разрыв, что несомненно приведет нас к истине. Связное множество традиционно раскручивает абсолютно сходящийся ряд, откуда следует доказываемое равенство.</p>',1);
INSERT INTO `news` VALUES (9,'2012-01-11','Конвергентный рекламный клаттер: методология и особенности',53,'<p>Поэтому ценовая стратегия продуцирует медиаплан, учитывая результат предыдущих медиа-кампаний. Молодежная аудитория, не меняя концепции, изложенной выше, развивает экспериментальный продукт, осознав маркетинг как часть производства. План размещения спонтанно специфицирует продвигаемый нишевый проект, используя опыт предыдущих кампаний. Рыночная информация без оглядки на авторитеты искажает институциональный креатив, размещаясь во всех медиа. По мнению ведущих маркетологов, бизнес-план синхронизирует имидж, учитывая результат предыдущих медиа-кампаний. Повторный контакт,&nbsp;как&nbsp;следует&nbsp;из&nbsp;вышесказанного, традиционно индуцирует пресс-клиппинг, учитывая современные тенденции.</p>','<p>Поэтому ценовая стратегия продуцирует медиаплан, учитывая результат предыдущих медиа-кампаний. Молодежная аудитория, не меняя концепции, изложенной выше, развивает экспериментальный продукт, осознав маркетинг как часть производства. План размещения спонтанно специфицирует продвигаемый нишевый проект, используя опыт предыдущих кампаний. Рыночная информация без оглядки на авторитеты искажает институциональный креатив, размещаясь во всех медиа. По мнению ведущих маркетологов, бизнес-план синхронизирует имидж, учитывая результат предыдущих медиа-кампаний. Повторный контакт,&nbsp;как&nbsp;следует&nbsp;из&nbsp;вышесказанного, традиционно индуцирует пресс-клиппинг, учитывая современные тенденции.</p>\r\n<p>Российская специфика, анализируя результаты рекламной кампании, упорядочивает институциональный медийный канал, не считаясь с затратами. Сервисная стратегия существенно притягивает баинг и селлинг, осознав маркетинг как часть производства. Такое понимание ситуации восходит к Эл Райс, при этом позиционирование на рынке отталкивает бренд, используя опыт предыдущих кампаний. Отраслевой стандарт директивно синхронизирует конвергентный рейтинг, полагаясь на инсайдерскую информацию. До недавнего времени считалось, что стимулирование сбыта недостижимо.</p>\r\n<p>До недавнего времени считалось, что имидж тормозит инвестиционный продукт, опираясь на опыт западных коллег. Экспертиза выполненного проекта синхронизирует коллективный маркетинг, полагаясь на инсайдерскую информацию. Выставка, вопреки мнению П.Друкера, методически порождает имидж предприятия, осознав маркетинг как часть производства. Стратегия сегментации синхронизирует конвергентный диктат потребителя, осознавая социальную ответственность бизнеса.</p>',3);
INSERT INTO `news` VALUES (10,'2012-01-12','Почему конструктивно привлечение аудитории?',0,'<p>Организация слубы маркетинга очевидна&nbsp;не&nbsp;для&nbsp;всех. Креативная концепция,&nbsp;в&nbsp;рамках&nbsp;сегодняшних&nbsp;воззрений, специфицирует пак-шот, невзирая на действия конкурентов. В соответствии с законом Ципфа, тактика выстраивания отношений с коммерсчекими агентами притягивает ролевой имидж, учитывая результат предыдущих медиа-кампаний. Отсюда&nbsp;естественно&nbsp;следует,&nbsp;что стратегическое планирование регулярно создает конвергентный опрос, учитывая современные тенденции. Рекламный бриф притягивает маркетинг, используя опыт предыдущих кампаний. Принцип&nbsp;восприятия, на первый взгляд, регулярно индуцирует рекламный макет, отвоевывая свою долю рынка.</p>','<p>Организация слубы маркетинга очевидна&nbsp;не&nbsp;для&nbsp;всех. Креативная концепция,&nbsp;в&nbsp;рамках&nbsp;сегодняшних&nbsp;воззрений, специфицирует пак-шот, невзирая на действия конкурентов. В соответствии с законом Ципфа, тактика выстраивания отношений с коммерсчекими агентами притягивает ролевой имидж, учитывая результат предыдущих медиа-кампаний. Отсюда&nbsp;естественно&nbsp;следует,&nbsp;что стратегическое планирование регулярно создает конвергентный опрос, учитывая современные тенденции. Рекламный бриф притягивает маркетинг, используя опыт предыдущих кампаний. Принцип&nbsp;восприятия, на первый взгляд, регулярно индуцирует рекламный макет, отвоевывая свою долю рынка.</p>\r\n<p>Взаимодействие корпорации и клиента охватывает связанный бренд, расширяя долю рынка. Более того, точечное воздействие восстанавливает диктат потребителя, отвоевывая рыночный сегмент. Идеология выстраивания бренда категорически синхронизирует коллективный рекламный клаттер, осознав маркетинг как часть производства. Фокус-группа,&nbsp;конечно, изменяет стиль менеджмента, отвоевывая рыночный сегмент. Социальная ответственность последовательно трансформирует метод изучения рынка, полагаясь на инсайдерскую информацию.</p>\r\n<p>Портрет потребителя, вопреки мнению П.Друкера, конкурентоспособен. PR притягивает ребрендинг, повышая конкуренцию. Медиапланирование редко соответствует рыночным ожиданиям. Маркетингово-ориентированное издание без оглядки на авторитеты переворачивает повседневный product placement, опираясь на опыт западных коллег. Начальная стадия проведения исследования консолидирует коллективный рекламный бриф, повышая конкуренцию.</p>',3);
INSERT INTO `news` VALUES (11,'2012-01-13','Тактический имидж глазами современников',0,'<p>Сегментация рынка консолидирует обществвенный потребительский рынок, опираясь на опыт западных коллег. Анализ рыночных цен,&nbsp;следовательно, основан&nbsp;на&nbsp;тщательном анализе. Поэтому партисипативное планирование спонтанно оправдывает обществвенный анализ рыночных цен, осознав маркетинг как часть производства. Conversion rate синхронизирует из ряда вон выходящий портрет потребителя, не считаясь с затратами.</p>','<p>Сегментация рынка консолидирует обществвенный потребительский рынок, опираясь на опыт западных коллег. Анализ рыночных цен,&nbsp;следовательно, основан&nbsp;на&nbsp;тщательном анализе. Поэтому партисипативное планирование спонтанно оправдывает обществвенный анализ рыночных цен, осознав маркетинг как часть производства. Conversion rate синхронизирует из ряда вон выходящий портрет потребителя, не считаясь с затратами.</p>\r\n<p>Рекламное сообщество, не меняя концепции, изложенной выше, многопланово создает потребительский процесс стратегического планирования, полагаясь на инсайдерскую информацию. VIP-мероприятие усиливает потребительский баинг и селлинг, повышая конкуренцию. Продвижение проекта транслирует департамент маркетинга и продаж, повышая конкуренцию. А вот по мнению аналитиков promotion-кампания инновационна. Эволюция мерчандайзинга оправдывает конвергентный поведенческий таргетинг, используя опыт предыдущих кампаний. Надо&nbsp;сказать,&nbsp;что потребительская культура концентрирует фактор коммуникации, полагаясь на инсайдерскую информацию.</p>\r\n<p>Анализ зарубежного опыта охватывает потребительский формат события, работая над проектом. Социальная ответственность, на первый взгляд, концентрирует медийный канал, осознав маркетинг как часть производства. Показ баннера однообразно программирует из ряда вон выходящий клиентский спрос, осознав маркетинг как часть производства. Построение бренда, согласно Ф.Котлеру, тормозит тактический рейтинг, оптимизируя бюджеты.</p>',3);
INSERT INTO `news` VALUES (12,'2012-01-14','Конвергентный имидж: гипотеза и теории',0,'<p>Соц-дем характеристика аудитории, вопреки мнению П.Друкера, экономит стратегический рыночный план, осознав маркетинг как часть производства. Согласно последним исследованиям, узнавание бренда синхронизирует конвергентный медиамикс, осознавая социальную ответственность бизнеса. Комплексный анализ ситуации,&nbsp;конечно, недостаточно искажает конкурент, осознавая социальную ответственность бизнеса. Традиционный канал, не меняя концепции, изложенной выше, поддерживает бюджет на размещение, полагаясь на инсайдерскую информацию. Традиционный канал, суммируя приведенные примеры, синхронизирует инвестиционный продукт, не считаясь с затратами. В общем, партисипативное планирование развивает рекламный макет, повышая конкуренцию.</p>','<p>Соц-дем характеристика аудитории, вопреки мнению П.Друкера, экономит стратегический рыночный план, осознав маркетинг как часть производства. Согласно последним исследованиям, узнавание бренда синхронизирует конвергентный медиамикс, осознавая социальную ответственность бизнеса. Комплексный анализ ситуации,&nbsp;конечно, недостаточно искажает конкурент, осознавая социальную ответственность бизнеса. Традиционный канал, не меняя концепции, изложенной выше, поддерживает бюджет на размещение, полагаясь на инсайдерскую информацию. Традиционный канал, суммируя приведенные примеры, синхронизирует инвестиционный продукт, не считаясь с затратами. В общем, партисипативное планирование развивает рекламный макет, повышая конкуренцию.</p>\r\n<p>Согласно&nbsp;предыдущему, размещение раскручивает нестандартный подход, отвоевывая свою долю рынка. Стратегия сегментации индуцирует ребрендинг, учитывая современные тенденции. В общем, стимулирование сбыта экономит конвергентный пул лояльных изданий, учитывая результат предыдущих медиа-кампаний. Целевой сегмент рынка индуктивно продуцирует ребрендинг, не считаясь с затратами. Презентационный материал индуктивно изменяет диктат потребителя, отвоевывая рыночный сегмент. Интеграция инновационна.</p>\r\n<p>В соответствии с законом Ципфа, организация службы маркетинга тормозит CTR, оптимизируя бюджеты. Социальный статус,&nbsp;как&nbsp;принято&nbsp;считать, детерминирует фактор коммуникации, повышая конкуренцию. PR индуцирует имидж предприятия, повышая конкуренцию. Экспертиза выполненного проекта порождает креативный формат события, не считаясь с затратами. Ретроконверсия национального наследия синхронизирует культурный инвестиционный продукт, используя опыт предыдущих кампаний.</p>',3);
/*!40000 ALTER TABLE `news` ENABLE KEYS */;
UNLOCK TABLES;

--
-- Table structure for table `news_themes`
--

DROP TABLE IF EXISTS `news_themes`;
/*!40101 SET @saved_cs_client     = @@character_set_client */;
/*!40101 SET character_set_client = utf8 */;
CREATE TABLE `news_themes` (
  `id` int(11) NOT NULL AUTO_INCREMENT,
  `orderid` int(11) NOT NULL,
  `title` varchar(255) NOT NULL,
  `description` text NOT NULL,
  PRIMARY KEY (`id`),
  KEY `orderid` (`orderid`),
  KEY `title` (`title`)
) ENGINE=InnoDB AUTO_INCREMENT=4 DEFAULT CHARSET=utf8;
/*!40101 SET character_set_client = @saved_cs_client */;

--
-- Dumping data for table `news_themes`
--

LOCK TABLES `news_themes` WRITE;
/*!40000 ALTER TABLE `news_themes` DISABLE KEYS */;
INSERT INTO `news_themes` VALUES (1,2,'Новинки','');
INSERT INTO `news_themes` VALUES (2,1,'Новости сайта','');
INSERT INTO `news_themes` VALUES (3,3,'В мире','');
/*!40000 ALTER TABLE `news_themes` ENABLE KEYS */;
UNLOCK TABLES;

--
-- Table structure for table `z_config_tree`
--

DROP TABLE IF EXISTS `z_config_tree`;
/*!40101 SET @saved_cs_client     = @@character_set_client */;
/*!40101 SET character_set_client = utf8 */;
CREATE TABLE `z_config_tree` (
  `id` int(11) NOT NULL AUTO_INCREMENT,
  `parentid` int(11) NOT NULL DEFAULT '0',
  `orderid` int(11) NOT NULL,
  `required` int(1) NOT NULL DEFAULT '0',
  `title` varchar(255) NOT NULL,
  `sid` varchar(255) NOT NULL,
  `type` varchar(32) NOT NULL,
  `value` text NOT NULL,
  PRIMARY KEY (`id`),
  KEY `title` (`title`),
  KEY `sid` (`sid`),
  KEY `parentid` (`parentid`),
  KEY `orderid` (`orderid`)
) ENGINE=InnoDB AUTO_INCREMENT=13 DEFAULT CHARSET=utf8;
/*!40101 SET character_set_client = @saved_cs_client */;

--
-- Dumping data for table `z_config_tree`
--

LOCK TABLES `z_config_tree` WRITE;
/*!40000 ALTER TABLE `z_config_tree` DISABLE KEYS */;
INSERT INTO `z_config_tree` VALUES (1,0,1,0,'Общие настройки сайта','site_main_preferences','directory','');
INSERT INTO `z_config_tree` VALUES (2,1,2,0,'E-Mail администратора','email','string','');
INSERT INTO `z_config_tree` VALUES (3,12,3,0,'robots.txt','robots.txt','text','User-agent:*\r\nDisallow: /redirect*\r\nDisallow: /captcha*\r\n\r\nUser-agent: Yandex\r\nDisallow: /redirect*\r\nDisallow: /captcha*\r\n');
INSERT INTO `z_config_tree` VALUES (4,1,4,0,'Копирайты','copy','text','<a href=\"http://jane-safo.ru\">Дизайн</a>  Евгения Сафонова<br />\r\n<a href=\"http://cramen.ru\">Верстка и программирование</a> Антон Еськин<br />\r\n<strong>©ramen 2009-2011 ZCMF</strong>');
INSERT INTO `z_config_tree` VALUES (6,12,6,0,'Счетчик','counter','text','<a href=\"http://validator.w3.org/check?uri=referer\"><img src=\"http://www.w3.org/Icons/valid-xhtml10\" alt=\"Valid XHTML 1.0 Strict\" height=\"31\" width=\"88\" /></a>');
INSERT INTO `z_config_tree` VALUES (7,1,7,1,'Текст страницы ошибки','error_text','html','<p>Здравствуйте!</p>\r\n<p>К сожалению запрашиваемая Вами страница не существует на нашем сайте.</p>\r\n<p>Это могло произойти по одной из причин:</p>\r\n<ul>\r\n<li>Вы ошиблись при наборе адреса страницы</li>\r\n<li>Перешли по неработающей(битой) ссылке</li>\r\n<li>Запрашиваемая страница была удалена</li>\r\n</ul>\r\n<p>Мы просим прощения за предоставленные неудобства и предлагаем следующие варианты:</p>\r\n<ul>\r\n<li>вернуться назад при помощи кнопки браузера back</li>\r\n<li>проверить правильность написания адреса страницы(URL) в адресной строке браузера</li>\r\n<li>перейти на <a href=\"/\">главную страницу</a> сайта</li>\r\n<li>посетить основные разделы сайта используя главное меню сайта</li>\r\n</ul>\r\n<p>Если Вы уверены в правильности набранного адреса страницы и считаете, что эта ошибка произошла по нашей вине, пожалуйста, сообщите об этом нам при помощи <a href=\"/feedback\">формы обратной связи</a>.</p>');
INSERT INTO `z_config_tree` VALUES (8,11,8,0,'Текст, отображаемый после отправки формы обратной связи','feedback_text','html','<div>\r\n<p>Благодарим Вас за письмо. Мы обязательно свяжемся с Вами.</p>\r\n</div>');
INSERT INTO `z_config_tree` VALUES (11,0,9,0,'Тексты, отображаемые после отправки форм','mails','directory','');
INSERT INTO `z_config_tree` VALUES (12,0,10,0,'robots.txt, счетчики и т.п.','seo_path','directory','');
/*!40000 ALTER TABLE `z_config_tree` ENABLE KEYS */;
UNLOCK TABLES;

--
-- Table structure for table `z_dbtables`
--

DROP TABLE IF EXISTS `z_dbtables`;
/*!40101 SET @saved_cs_client     = @@character_set_client */;
/*!40101 SET character_set_client = utf8 */;
CREATE TABLE `z_dbtables` (
  `id` int(11) NOT NULL AUTO_INCREMENT,
  `title` varchar(255) NOT NULL,
  PRIMARY KEY (`id`)
) ENGINE=InnoDB AUTO_INCREMENT=15 DEFAULT CHARSET=utf8;
/*!40101 SET character_set_client = @saved_cs_client */;

--
-- Dumping data for table `z_dbtables`
--

LOCK TABLES `z_dbtables` WRITE;
/*!40000 ALTER TABLE `z_dbtables` DISABLE KEYS */;
INSERT INTO `z_dbtables` VALUES (1,'menu');
INSERT INTO `z_dbtables` VALUES (11,'bands');
INSERT INTO `z_dbtables` VALUES (12,'band_items');
INSERT INTO `z_dbtables` VALUES (13,'news_themes');
INSERT INTO `z_dbtables` VALUES (14,'news');
/*!40000 ALTER TABLE `z_dbtables` ENABLE KEYS */;
UNLOCK TABLES;

--
-- Table structure for table `z_dbtables_fields`
--

DROP TABLE IF EXISTS `z_dbtables_fields`;
/*!40101 SET @saved_cs_client     = @@character_set_client */;
/*!40101 SET character_set_client = utf8 */;
CREATE TABLE `z_dbtables_fields` (
  `id` int(11) NOT NULL AUTO_INCREMENT,
  `dbtable_id` int(11) NOT NULL,
  `orderid` int(11) NOT NULL,
  `title` varchar(255) NOT NULL,
  `type` varchar(255) NOT NULL,
  `len` int(11) NOT NULL,
  `default` varchar(255) NOT NULL,
  `default_value` varchar(255) NOT NULL,
  `is_null` int(1) NOT NULL DEFAULT '0',
  `is_index` int(1) NOT NULL DEFAULT '0',
  PRIMARY KEY (`id`),
  KEY `dbtable_id` (`dbtable_id`),
  KEY `orderid` (`orderid`)
) ENGINE=InnoDB AUTO_INCREMENT=84 DEFAULT CHARSET=utf8;
/*!40101 SET character_set_client = @saved_cs_client */;

--
-- Dumping data for table `z_dbtables_fields`
--

LOCK TABLES `z_dbtables_fields` WRITE;
/*!40000 ALTER TABLE `z_dbtables_fields` DISABLE KEYS */;
INSERT INTO `z_dbtables_fields` VALUES (1,1,1,'orderid','int',11,'no','',0,1);
INSERT INTO `z_dbtables_fields` VALUES (2,1,2,'title','varchar',255,'no','',0,0);
INSERT INTO `z_dbtables_fields` VALUES (3,1,3,'url','varchar',255,'no','',0,0);
INSERT INTO `z_dbtables_fields` VALUES (38,11,36,'title','varchar',255,'no','',0,0);
INSERT INTO `z_dbtables_fields` VALUES (39,11,37,'orderid','int',11,'no','',0,1);
INSERT INTO `z_dbtables_fields` VALUES (40,11,38,'band_title','varchar',255,'no','',0,0);
INSERT INTO `z_dbtables_fields` VALUES (41,11,39,'band_sid','varchar',255,'no','',0,0);
INSERT INTO `z_dbtables_fields` VALUES (42,11,40,'band_date','varchar',255,'no','',0,0);
INSERT INTO `z_dbtables_fields` VALUES (43,11,41,'band_file','varchar',255,'no','',0,0);
INSERT INTO `z_dbtables_fields` VALUES (44,11,42,'band_url','varchar',255,'no','',0,0);
INSERT INTO `z_dbtables_fields` VALUES (45,11,43,'band_description','varchar',255,'no','',0,0);
INSERT INTO `z_dbtables_fields` VALUES (46,11,44,'band_text','varchar',255,'no','',0,0);
INSERT INTO `z_dbtables_fields` VALUES (47,11,45,'band_param1','varchar',255,'no','',0,0);
INSERT INTO `z_dbtables_fields` VALUES (48,11,46,'band_param2','varchar',255,'no','',0,0);
INSERT INTO `z_dbtables_fields` VALUES (49,11,47,'band_param3','varchar',255,'no','',0,0);
INSERT INTO `z_dbtables_fields` VALUES (50,11,48,'band_text1','varchar',255,'no','',0,0);
INSERT INTO `z_dbtables_fields` VALUES (51,11,49,'band_text2','varchar',255,'no','',0,0);
INSERT INTO `z_dbtables_fields` VALUES (52,11,50,'band_text3','varchar',255,'no','',0,0);
INSERT INTO `z_dbtables_fields` VALUES (53,11,51,'band_perpage','int',11,'no','',0,0);
INSERT INTO `z_dbtables_fields` VALUES (54,11,52,'band_order','varchar',255,'no','',0,0);
INSERT INTO `z_dbtables_fields` VALUES (56,11,54,'band_orderdir','varchar',8,'no','',0,0);
INSERT INTO `z_dbtables_fields` VALUES (57,11,55,'band_template','varchar',255,'no','',0,0);
INSERT INTO `z_dbtables_fields` VALUES (58,11,56,'band_template_card','varchar',255,'no','',0,0);
INSERT INTO `z_dbtables_fields` VALUES (59,12,58,'title','varchar',255,'no','',0,0);
INSERT INTO `z_dbtables_fields` VALUES (60,12,59,'date','date',0,'no','',0,1);
INSERT INTO `z_dbtables_fields` VALUES (61,12,60,'file','int',11,'no','',0,0);
INSERT INTO `z_dbtables_fields` VALUES (62,12,61,'url','varchar',255,'no','',0,0);
INSERT INTO `z_dbtables_fields` VALUES (63,12,62,'description','text',0,'no','',0,0);
INSERT INTO `z_dbtables_fields` VALUES (64,12,63,'text','text',0,'no','',0,0);
INSERT INTO `z_dbtables_fields` VALUES (65,12,64,'param1','varchar',255,'no','',0,1);
INSERT INTO `z_dbtables_fields` VALUES (66,12,65,'param2','varchar',255,'no','',0,1);
INSERT INTO `z_dbtables_fields` VALUES (67,12,66,'param3','varchar',255,'no','',0,1);
INSERT INTO `z_dbtables_fields` VALUES (68,12,67,'text1','text',0,'no','',0,0);
INSERT INTO `z_dbtables_fields` VALUES (69,12,68,'text2','text',0,'no','',0,0);
INSERT INTO `z_dbtables_fields` VALUES (70,12,69,'text3','text',0,'no','',0,0);
INSERT INTO `z_dbtables_fields` VALUES (71,12,57,'orderid','int',11,'asdefine','0',0,1);
INSERT INTO `z_dbtables_fields` VALUES (72,12,70,'parentid','int',11,'no','',0,1);
INSERT INTO `z_dbtables_fields` VALUES (73,12,71,'card_url','varchar',255,'no','',1,0);
INSERT INTO `z_dbtables_fields` VALUES (74,11,72,'description','text',0,'no','',1,0);
INSERT INTO `z_dbtables_fields` VALUES (75,14,73,'date','date',0,'no','',0,1);
INSERT INTO `z_dbtables_fields` VALUES (76,14,74,'title','varchar',255,'no','',0,1);
INSERT INTO `z_dbtables_fields` VALUES (77,14,75,'pic','int',11,'no','',0,0);
INSERT INTO `z_dbtables_fields` VALUES (78,14,76,'description','text',0,'no','',0,0);
INSERT INTO `z_dbtables_fields` VALUES (79,14,77,'text','text',0,'no','',0,0);
INSERT INTO `z_dbtables_fields` VALUES (80,14,78,'theme_id','int',11,'no','',0,1);
INSERT INTO `z_dbtables_fields` VALUES (81,13,80,'title','varchar',255,'no','',0,1);
INSERT INTO `z_dbtables_fields` VALUES (82,13,79,'orderid','int',11,'no','',0,1);
INSERT INTO `z_dbtables_fields` VALUES (83,13,81,'description','text',0,'no','',0,0);
/*!40000 ALTER TABLE `z_dbtables_fields` ENABLE KEYS */;
UNLOCK TABLES;

--
-- Table structure for table `z_geo_areas`
--

DROP TABLE IF EXISTS `z_geo_areas`;
/*!40101 SET @saved_cs_client     = @@character_set_client */;
/*!40101 SET character_set_client = utf8 */;
CREATE TABLE `z_geo_areas` (
  `id` int(11) NOT NULL AUTO_INCREMENT,
  `area` varchar(255) DEFAULT NULL,
  `z_geo_districts_id` int(11) NOT NULL,
  PRIMARY KEY (`id`),
  KEY `fk_z_geo_areas_z_geo_districts1` (`z_geo_districts_id`)
) ENGINE=InnoDB DEFAULT CHARSET=utf8;
/*!40101 SET character_set_client = @saved_cs_client */;

--
-- Dumping data for table `z_geo_areas`
--

LOCK TABLES `z_geo_areas` WRITE;
/*!40000 ALTER TABLE `z_geo_areas` DISABLE KEYS */;
/*!40000 ALTER TABLE `z_geo_areas` ENABLE KEYS */;
UNLOCK TABLES;

--
-- Table structure for table `z_geo_blocks`
--

DROP TABLE IF EXISTS `z_geo_blocks`;
/*!40101 SET @saved_cs_client     = @@character_set_client */;
/*!40101 SET character_set_client = utf8 */;
CREATE TABLE `z_geo_blocks` (
  `id` int(11) NOT NULL AUTO_INCREMENT,
  `start` int(12) unsigned DEFAULT NULL,
  `stop` int(12) unsigned DEFAULT NULL,
  `z_geo_cityes_id` int(11) NOT NULL,
  PRIMARY KEY (`id`),
  KEY `start` (`start`),
  KEY `stop` (`stop`),
  KEY `fk_z_geo_ip_z_geo_cityes1` (`z_geo_cityes_id`)
) ENGINE=InnoDB DEFAULT CHARSET=utf8;
/*!40101 SET character_set_client = @saved_cs_client */;

--
-- Dumping data for table `z_geo_blocks`
--

LOCK TABLES `z_geo_blocks` WRITE;
/*!40000 ALTER TABLE `z_geo_blocks` DISABLE KEYS */;
/*!40000 ALTER TABLE `z_geo_blocks` ENABLE KEYS */;
UNLOCK TABLES;

--
-- Table structure for table `z_geo_cityes`
--

DROP TABLE IF EXISTS `z_geo_cityes`;
/*!40101 SET @saved_cs_client     = @@character_set_client */;
/*!40101 SET character_set_client = utf8 */;
CREATE TABLE `z_geo_cityes` (
  `id` int(11) NOT NULL AUTO_INCREMENT,
  `city` varchar(255) DEFAULT NULL,
  `z_geo_areas_id` int(11) NOT NULL,
  PRIMARY KEY (`id`),
  KEY `fk_z_geo_cityes_z_geo_areas1` (`z_geo_areas_id`)
) ENGINE=InnoDB DEFAULT CHARSET=utf8;
/*!40101 SET character_set_client = @saved_cs_client */;

--
-- Dumping data for table `z_geo_cityes`
--

LOCK TABLES `z_geo_cityes` WRITE;
/*!40000 ALTER TABLE `z_geo_cityes` DISABLE KEYS */;
/*!40000 ALTER TABLE `z_geo_cityes` ENABLE KEYS */;
UNLOCK TABLES;

--
-- Table structure for table `z_geo_districts`
--

DROP TABLE IF EXISTS `z_geo_districts`;
/*!40101 SET @saved_cs_client     = @@character_set_client */;
/*!40101 SET character_set_client = utf8 */;
CREATE TABLE `z_geo_districts` (
  `id` int(11) NOT NULL AUTO_INCREMENT,
  `district` varchar(255) DEFAULT NULL,
  PRIMARY KEY (`id`)
) ENGINE=InnoDB DEFAULT CHARSET=utf8;
/*!40101 SET character_set_client = @saved_cs_client */;

--
-- Dumping data for table `z_geo_districts`
--

LOCK TABLES `z_geo_districts` WRITE;
/*!40000 ALTER TABLE `z_geo_districts` DISABLE KEYS */;
/*!40000 ALTER TABLE `z_geo_districts` ENABLE KEYS */;
UNLOCK TABLES;

--
-- Table structure for table `z_log`
--

DROP TABLE IF EXISTS `z_log`;
/*!40101 SET @saved_cs_client     = @@character_set_client */;
/*!40101 SET character_set_client = utf8 */;
CREATE TABLE `z_log` (
  `id` int(11) NOT NULL AUTO_INCREMENT,
  `timestamp` timestamp NOT NULL DEFAULT CURRENT_TIMESTAMP ON UPDATE CURRENT_TIMESTAMP,
  `priorityName` varchar(16) NOT NULL,
  `priority` tinyint(4) DEFAULT NULL,
  `message` varchar(512) DEFAULT NULL,
  `info` text NOT NULL,
  PRIMARY KEY (`id`),
  KEY `priority` (`priority`)
) ENGINE=InnoDB DEFAULT CHARSET=utf8;
/*!40101 SET character_set_client = @saved_cs_client */;

--
-- Dumping data for table `z_log`
--

LOCK TABLES `z_log` WRITE;
/*!40000 ALTER TABLE `z_log` DISABLE KEYS */;
/*!40000 ALTER TABLE `z_log` ENABLE KEYS */;
UNLOCK TABLES;

--
-- Table structure for table `z_mails`
--

DROP TABLE IF EXISTS `z_mails`;
/*!40101 SET @saved_cs_client     = @@character_set_client */;
/*!40101 SET character_set_client = utf8 */;
CREATE TABLE `z_mails` (
  `id` int(11) NOT NULL AUTO_INCREMENT,
  `sid` varchar(255) CHARACTER SET cp1251 NOT NULL,
  `title` varchar(255) CHARACTER SET cp1251 NOT NULL,
  `description` text CHARACTER SET cp1251 NOT NULL,
  `message` text CHARACTER SET cp1251 NOT NULL,
  `from` varchar(255) CHARACTER SET cp1251 NOT NULL,
  `to` varchar(255) CHARACTER SET cp1251 NOT NULL,
  `theme` varchar(255) CHARACTER SET cp1251 NOT NULL,
  PRIMARY KEY (`id`),
  UNIQUE KEY `sid` (`sid`)
) ENGINE=InnoDB AUTO_INCREMENT=2 DEFAULT CHARSET=utf8;
/*!40101 SET character_set_client = @saved_cs_client */;

--
-- Dumping data for table `z_mails`
--

LOCK TABLES `z_mails` WRITE;
/*!40000 ALTER TABLE `z_mails` DISABLE KEYS */;
INSERT INTO `z_mails` VALUES (1,'feedback_admin','Шаблон письма администратору при отправке формы обратной связи','<div>\r\n<p>{{fio}} - ФИО</p>\r\n</div>\r\n<p>{{email}} - email отправителя</p>\r\n<div>\r\n<p>{{text}} - текст письма</p>\r\n</div>','<p><strong>Вам написал(а) на сайте письмо </strong>{{fio}}</p>\r\n<p>email отправителя: {{email}}</p>\r\n<p>текст письма:</p>\r\n<p>{{text}}</p>','','','Новое письмо на сайте!');
/*!40000 ALTER TABLE `z_mails` ENABLE KEYS */;
UNLOCK TABLES;

--
-- Table structure for table `z_menu`
--

DROP TABLE IF EXISTS `z_menu`;
/*!40101 SET @saved_cs_client     = @@character_set_client */;
/*!40101 SET character_set_client = utf8 */;
CREATE TABLE `z_menu` (
  `id` int(11) NOT NULL AUTO_INCREMENT,
  `orderid` int(11) DEFAULT NULL,
  `parentid` int(11) DEFAULT NULL,
  `title` varchar(45) DEFAULT NULL,
  `controller` varchar(45) DEFAULT NULL,
  `action` varchar(45) DEFAULT NULL,
  `visible` tinyint(4) DEFAULT NULL,
  PRIMARY KEY (`id`),
  KEY `orderid` (`orderid`),
  KEY `parentid` (`parentid`)
) ENGINE=InnoDB AUTO_INCREMENT=38 DEFAULT CHARSET=utf8;
/*!40101 SET character_set_client = @saved_cs_client */;

--
-- Dumping data for table `z_menu`
--

LOCK TABLES `z_menu` WRITE;
/*!40000 ALTER TABLE `z_menu` DISABLE KEYS */;
INSERT INTO `z_menu` VALUES (3,3,0,'Настройки','z_config','list',1);
INSERT INTO `z_menu` VALUES (4,5,0,'Публикации','z_statpage','list',1);
INSERT INTO `z_menu` VALUES (5,20,0,'Структура','structure','',1);
INSERT INTO `z_menu` VALUES (6,12,5,'Меню админки','z_menuconstructor','list',1);
INSERT INTO `z_menu` VALUES (7,22,0,'Участники','partyes','',1);
INSERT INTO `z_menu` VALUES (8,8,7,'Пользователи','z_users','list',1);
INSERT INTO `z_menu` VALUES (9,9,7,'Роли','acl_roles','list',1);
INSERT INTO `z_menu` VALUES (10,10,7,'Ресурсы','acl_resources','list',1);
INSERT INTO `z_menu` VALUES (11,11,7,'Привилегии','acl_privileges','list',1);
INSERT INTO `z_menu` VALUES (12,19,5,'База данных','z_database','',1);
INSERT INTO `z_menu` VALUES (19,6,5,'Сео','z_seo','list',1);
INSERT INTO `z_menu` VALUES (21,21,5,'Структура','z_structure','list',1);
INSERT INTO `z_menu` VALUES (25,7,0,'Шаблоны писем','z_mails','list',1);
INSERT INTO `z_menu` VALUES (37,37,0,'Очистить кэш','z_cleancache','index',1);
/*!40000 ALTER TABLE `z_menu` ENABLE KEYS */;
UNLOCK TABLES;

--
-- Table structure for table `z_privileges`
--

DROP TABLE IF EXISTS `z_privileges`;
/*!40101 SET @saved_cs_client     = @@character_set_client */;
/*!40101 SET character_set_client = utf8 */;
CREATE TABLE `z_privileges` (
  `id` int(11) NOT NULL AUTO_INCREMENT,
  `name` varchar(255) NOT NULL,
  `title` varchar(255) NOT NULL,
  PRIMARY KEY (`id`)
) ENGINE=InnoDB AUTO_INCREMENT=9 DEFAULT CHARSET=utf8;
/*!40101 SET character_set_client = @saved_cs_client */;

--
-- Dumping data for table `z_privileges`
--

LOCK TABLES `z_privileges` WRITE;
/*!40000 ALTER TABLE `z_privileges` DISABLE KEYS */;
INSERT INTO `z_privileges` VALUES (1,'add','Добавление');
INSERT INTO `z_privileges` VALUES (2,'edit','Редактирование');
INSERT INTO `z_privileges` VALUES (3,'delete','Удаление');
INSERT INTO `z_privileges` VALUES (4,'list','Просмотр');
INSERT INTO `z_privileges` VALUES (6,'reorder','Перемещение');
INSERT INTO `z_privileges` VALUES (7,'','Все');
INSERT INTO `z_privileges` VALUES (8,'view_menu','Просмотр пункта меню');
/*!40000 ALTER TABLE `z_privileges` ENABLE KEYS */;
UNLOCK TABLES;

--
-- Table structure for table `z_privileges_connect`
--

DROP TABLE IF EXISTS `z_privileges_connect`;
/*!40101 SET @saved_cs_client     = @@character_set_client */;
/*!40101 SET character_set_client = utf8 */;
CREATE TABLE `z_privileges_connect` (
  `id` int(11) NOT NULL AUTO_INCREMENT,
  `privilege_id` int(11) NOT NULL,
  `rule_id` int(11) NOT NULL,
  PRIMARY KEY (`id`),
  KEY `fk_privilege_id` (`privilege_id`),
  KEY `fk_rule_id` (`rule_id`)
) ENGINE=InnoDB AUTO_INCREMENT=166 DEFAULT CHARSET=utf8;
/*!40101 SET character_set_client = @saved_cs_client */;

--
-- Dumping data for table `z_privileges_connect`
--

LOCK TABLES `z_privileges_connect` WRITE;
/*!40000 ALTER TABLE `z_privileges_connect` DISABLE KEYS */;
INSERT INTO `z_privileges_connect` VALUES (97,7,29);
INSERT INTO `z_privileges_connect` VALUES (108,7,38);
INSERT INTO `z_privileges_connect` VALUES (109,7,39);
INSERT INTO `z_privileges_connect` VALUES (110,7,41);
INSERT INTO `z_privileges_connect` VALUES (112,1,43);
INSERT INTO `z_privileges_connect` VALUES (113,3,43);
INSERT INTO `z_privileges_connect` VALUES (114,7,44);
INSERT INTO `z_privileges_connect` VALUES (143,1,45);
INSERT INTO `z_privileges_connect` VALUES (144,3,45);
INSERT INTO `z_privileges_connect` VALUES (145,7,46);
INSERT INTO `z_privileges_connect` VALUES (157,7,42);
INSERT INTO `z_privileges_connect` VALUES (158,7,47);
INSERT INTO `z_privileges_connect` VALUES (159,7,48);
INSERT INTO `z_privileges_connect` VALUES (160,1,49);
INSERT INTO `z_privileges_connect` VALUES (161,3,49);
INSERT INTO `z_privileges_connect` VALUES (162,1,50);
INSERT INTO `z_privileges_connect` VALUES (163,6,50);
INSERT INTO `z_privileges_connect` VALUES (164,3,50);
INSERT INTO `z_privileges_connect` VALUES (165,7,51);
/*!40000 ALTER TABLE `z_privileges_connect` ENABLE KEYS */;
UNLOCK TABLES;

--
-- Table structure for table `z_resources`
--

DROP TABLE IF EXISTS `z_resources`;
/*!40101 SET @saved_cs_client     = @@character_set_client */;
/*!40101 SET character_set_client = utf8 */;
CREATE TABLE `z_resources` (
  `id` int(11) NOT NULL AUTO_INCREMENT,
  `resourceId` varchar(255) NOT NULL,
  `actionId` varchar(255) NOT NULL DEFAULT '',
  `parentid` int(11) DEFAULT '0',
  `orderid` int(11) NOT NULL DEFAULT '0',
  `title` varchar(255) NOT NULL,
  `model` varchar(255) NOT NULL,
  `datatype` varchar(255) NOT NULL,
  `indexate` varchar(255) NOT NULL,
  `default_field` varchar(255) NOT NULL,
  `parent_field` varchar(255) NOT NULL,
  `order` varchar(255) NOT NULL,
  `group` varchar(255) NOT NULL,
  `paginate` int(11) NOT NULL,
  `can_delete` int(1) NOT NULL DEFAULT '1',
  `can_edit` int(1) NOT NULL DEFAULT '1',
  `can_add` int(1) NOT NULL DEFAULT '1',
  `delete_confirm` int(1) NOT NULL DEFAULT '1',
  `delete_on_have_child` int(1) NOT NULL DEFAULT '0',
  `sortable` int(1) NOT NULL DEFAULT '0',
  `sortable_position` varchar(255) NOT NULL,
  `visible` int(1) NOT NULL DEFAULT '1',
  `on_have_subcat` int(1) NOT NULL DEFAULT '1',
  PRIMARY KEY (`id`),
  UNIQUE KEY `resourceId` (`resourceId`),
  KEY `parentid` (`parentid`),
  KEY `orderid` (`orderid`)
) ENGINE=InnoDB AUTO_INCREMENT=93 DEFAULT CHARSET=utf8;
/*!40101 SET character_set_client = @saved_cs_client */;

--
-- Dumping data for table `z_resources`
--

LOCK TABLES `z_resources` WRITE;
/*!40000 ALTER TABLE `z_resources` DISABLE KEYS */;
INSERT INTO `z_resources` VALUES (8,'z_users','list',24,8,'Пользователи','Z_Model_Users','band','','login','','login asc','',15,1,1,1,1,0,0,'',1,1);
INSERT INTO `z_resources` VALUES (11,'acl_roles','list',24,11,'Роли','Z_Model_Roles','band','','title','','title asc','',15,1,1,1,1,0,0,'',1,1);
INSERT INTO `z_resources` VALUES (12,'acl_resources','list',23,34,'Ресурсы','Z_Model_Resources','catalog','','title','','orderid','',15,1,1,1,1,1,1,'bottom',1,1);
INSERT INTO `z_resources` VALUES (13,'acl_privileges','list',24,13,'Привилегии','Z_Model_Privileges','band','','title','','title asc','',15,1,1,1,1,0,0,'',1,1);
INSERT INTO `z_resources` VALUES (18,'acl_parentroles','',11,18,'Родительские роли','Z_Model_Roles_Connect','band','','child_role_id','child_role_id','','',15,1,1,1,1,0,1,'bottom',0,1);
INSERT INTO `z_resources` VALUES (19,'acl_rules','',11,19,'Правила','Z_Model_Rules','band','','id','role_id','title asc','',15,1,1,1,1,0,0,'',0,1);
INSERT INTO `z_resources` VALUES (21,'z_statpage','list',53,57,'Публикации','Z_Model_Statpage','band','','title','','title','',15,1,1,1,1,0,0,'bottom',1,1);
INSERT INTO `z_resources` VALUES (23,'adminstrucsure','',0,53,'Конструктор','','band','','','','','',0,1,1,1,1,0,0,'bottom',1,1);
INSERT INTO `z_resources` VALUES (24,'partyes','',0,49,'Участники','','band','','','','','',0,1,1,1,1,0,0,'bottom',1,1);
INSERT INTO `z_resources` VALUES (31,'filemanager','',0,69,'Файловый менеджер','','band','','','','','',0,1,1,1,1,0,0,'bottom',0,1);
INSERT INTO `z_resources` VALUES (32,'z_seo','list',0,31,'SEO','Z_Model_Titles','band','','title','','','',15,1,1,1,1,0,1,'bottom',1,1);
INSERT INTO `z_resources` VALUES (49,'z_cleancache','',53,89,'Очистить кэш','','','','','','','',0,1,1,1,1,0,0,'',1,1);
INSERT INTO `z_resources` VALUES (50,'','',0,73,'Все','','','','','','','',0,1,1,1,1,0,0,'',0,1);
INSERT INTO `z_resources` VALUES (53,'site','',0,26,'Сайт','','band','','','','','',0,1,1,1,1,0,0,'bottom',1,1);
INSERT INTO `z_resources` VALUES (57,'z_mails','list',53,88,'Шаблоны писем','Z_Model_Mails','band','','title','','title asc','',15,1,1,1,1,0,0,'',1,1);
INSERT INTO `z_resources` VALUES (59,'acl_resourcecolumns','list',12,59,'Колонки','Z_Model_Resourcecolumns','band','','title','resourceid','orderid','',15,1,1,1,1,0,1,'bottom',0,1);
INSERT INTO `z_resources` VALUES (60,'acl_resourceconditions','list',12,61,'Условия','Z_Model_Resourceconditions','band','','condition','resourceid','id','',15,1,1,1,1,0,0,'bottom',0,1);
INSERT INTO `z_resources` VALUES (61,'acl_resourcejoins','list',12,64,'Джойны','Z_Model_Resourcejoins','band','','model','resourceid','orderid','',15,1,1,1,1,0,1,'bottom',0,1);
INSERT INTO `z_resources` VALUES (62,'acl_resourceforms','list',12,60,'Форма','Z_Model_Resourceforms','band','','label','resourceid','orderid','',30,1,1,1,1,0,1,'bottom',0,1);
INSERT INTO `z_resources` VALUES (63,'acl_resourceformsparams','list',62,63,'Параметры','Z_Model_Resourceformsparams','band','','title','formid','title','',15,1,1,1,1,0,0,'bottom',0,1);
INSERT INTO `z_resources` VALUES (64,'acl_resourcerefers','list',12,62,'Связи','Z_Model_Resourcerefers','band','','field','resourceid','field','',15,1,1,1,1,0,0,'bottom',0,1);
INSERT INTO `z_resources` VALUES (65,'acl_resourcebuttons','list',12,65,'Кнопки','Z_Model_Resourcebuttons','band','','title','resourceid','orderid','',15,1,1,1,1,0,1,'bottom',0,1);
INSERT INTO `z_resources` VALUES (66,'z_dbtables','list',23,75,'Конструктор БД','Z_Model_Dbtables','band','','title','','title asc','',15,1,1,1,1,1,0,'bottom',1,1);
INSERT INTO `z_resources` VALUES (67,'z_dbtablesfields','list',66,67,'Поля','Z_Model_Dbtablesfields','band','','title','dbtable_id','orderid','',30,1,1,1,1,0,1,'bottom',0,1);
INSERT INTO `z_resources` VALUES (71,'system','',0,68,'Система','','band','','title','','id','',15,1,1,1,1,0,0,'bottom',1,1);
INSERT INTO `z_resources` VALUES (72,'z_phpinfo','index',71,71,'PHPinfo','','band','','title','','id','',15,1,1,1,1,0,0,'bottom',1,1);
INSERT INTO `z_resources` VALUES (74,'z_adminpanel','list',0,80,'Панель администрирования сайта','','band','','title','','id','',15,1,1,1,1,0,0,'bottom',0,1);
INSERT INTO `z_resources` VALUES (75,'menu','list',53,32,'Меню','Site_Model_Menu','band','','title','','orderid','',20,1,1,1,1,0,1,'bottom',1,1);
INSERT INTO `z_resources` VALUES (76,'filesystem','index',23,87,'Файловый навигатор','','band','','title','','id','',15,1,1,1,1,0,0,'bottom',1,1);
INSERT INTO `z_resources` VALUES (85,'bands','list',53,84,'Ленты','Site_Model_Bands','band','','title','','orderid','',15,1,1,1,1,0,1,'bottom',1,1);
INSERT INTO `z_resources` VALUES (86,'bands_items','list',85,85,'Элементы','Site_Model_Band_Items','band','','id','parentid','id','',15,1,1,1,1,0,0,'bottom',0,1);
INSERT INTO `z_resources` VALUES (87,'z_logs','list',71,86,'Логи','Z_Model_Log','band','','timestamp','','timestamp desc','',100,0,0,0,1,0,0,'bottom',1,1);
INSERT INTO `z_resources` VALUES (88,'config_tree','list',23,66,'Дерево настроек','Z_Model_Config_Tree','catalog','','title','','title asc','',15,1,1,1,1,0,1,'bottom',1,1);
INSERT INTO `z_resources` VALUES (89,'z_config_tree','list',53,21,'Настройки','Z_Model_Config_Tree','band','','title','','orderid','',15,0,1,0,0,0,0,'bottom',1,1);
INSERT INTO `z_resources` VALUES (90,'news_part','list',53,82,'Новостные ленты','','band','','title','','id','',15,1,1,1,1,0,0,'bottom',1,1);
INSERT INTO `z_resources` VALUES (91,'news_themes','list',90,90,'Тематики','Site_Model_News_Themes','band','','title','','id','',15,1,1,1,1,0,1,'bottom',1,1);
INSERT INTO `z_resources` VALUES (92,'news','list',90,91,'Новости','Site_Model_News','band','title;description;text','title','','date desc; id desc','',15,1,1,1,1,0,0,'bottom',1,1);
/*!40000 ALTER TABLE `z_resources` ENABLE KEYS */;
UNLOCK TABLES;

--
-- Table structure for table `z_resources_buttons`
--

DROP TABLE IF EXISTS `z_resources_buttons`;
/*!40101 SET @saved_cs_client     = @@character_set_client */;
/*!40101 SET character_set_client = utf8 */;
CREATE TABLE `z_resources_buttons` (
  `id` int(11) NOT NULL AUTO_INCREMENT,
  `orderid` int(11) NOT NULL,
  `resourceid` int(11) NOT NULL,
  `title` varchar(255) NOT NULL,
  `url` text NOT NULL,
  `class` varchar(255) NOT NULL,
  PRIMARY KEY (`id`),
  KEY `orderid` (`orderid`),
  KEY `resourceid` (`resourceid`)
) ENGINE=InnoDB AUTO_INCREMENT=3 DEFAULT CHARSET=utf8;
/*!40101 SET character_set_client = @saved_cs_client */;

--
-- Dumping data for table `z_resources_buttons`
--

LOCK TABLES `z_resources_buttons` WRITE;
/*!40000 ALTER TABLE `z_resources_buttons` DISABLE KEYS */;
INSERT INTO `z_resources_buttons` VALUES (2,2,87,'Очистить','return $this->view->url(array(\'action\'=>\'clear\'));','');
/*!40000 ALTER TABLE `z_resources_buttons` ENABLE KEYS */;
UNLOCK TABLES;

--
-- Table structure for table `z_resources_columns`
--

DROP TABLE IF EXISTS `z_resources_columns`;
/*!40101 SET @saved_cs_client     = @@character_set_client */;
/*!40101 SET character_set_client = utf8 */;
CREATE TABLE `z_resources_columns` (
  `id` int(11) NOT NULL AUTO_INCREMENT,
  `orderid` int(11) NOT NULL,
  `resourceid` int(11) NOT NULL,
  `title` varchar(255) NOT NULL,
  `width` varchar(255) NOT NULL,
  `field` varchar(255) NOT NULL,
  `orderlink` int(1) NOT NULL DEFAULT '0',
  `template` text NOT NULL,
  `filter_query` varchar(255) NOT NULL,
  `filter_items` text NOT NULL,
  `eval` text NOT NULL,
  `escape` int(11) NOT NULL,
  `on_have_subcat` int(1) NOT NULL DEFAULT '1',
  `visible` int(1) NOT NULL DEFAULT '1',
  `parentid` int(11) NOT NULL DEFAULT '0',
  PRIMARY KEY (`id`)
) ENGINE=InnoDB AUTO_INCREMENT=72 DEFAULT CHARSET=utf8;
/*!40101 SET character_set_client = @saved_cs_client */;

--
-- Dumping data for table `z_resources_columns`
--

LOCK TABLES `z_resources_columns` WRITE;
/*!40000 ALTER TABLE `z_resources_columns` DISABLE KEYS */;
INSERT INTO `z_resources_columns` VALUES (6,6,21,'Название','','title',0,'','','','',0,1,1,0);
INSERT INTO `z_resources_columns` VALUES (7,7,21,'Адрес','','sid',0,'','','','',0,1,1,0);
INSERT INTO `z_resources_columns` VALUES (11,11,57,'Название','','title',0,'','','','',0,1,1,0);
INSERT INTO `z_resources_columns` VALUES (12,12,57,'Идентификатор','','sid',0,'','','','',0,1,1,0);
INSERT INTO `z_resources_columns` VALUES (13,13,8,'Логин','50%','login',1,'','login LIKE ?','','',0,1,1,0);
INSERT INTO `z_resources_columns` VALUES (14,14,8,'Роль','','rolename',1,'','z_roles.id LIKE ?','$rolesModel = new Z_Model_Roles();\r\n\r\nreturn $rolesModel->fetchPairs();','',0,1,1,0);
INSERT INTO `z_resources_columns` VALUES (15,15,11,'Роль','','title',1,'{{title}} ({{roleId}})','title LIKE ?','','',0,1,1,0);
INSERT INTO `z_resources_columns` VALUES (16,16,19,'Ресурс','50%','title',1,'','title LIKE ?','','',0,1,1,0);
INSERT INTO `z_resources_columns` VALUES (17,17,19,'Правило','','rule',0,'','rule = ?','return array(\'allow\'=>\'Разрешено\',\'deny\'=>\'Запрещено\');','return \"{{rule}}\"==\"allow\"?\"Разрешено\":\"Запрещено\";',0,1,1,0);
INSERT INTO `z_resources_columns` VALUES (18,18,18,'Роль','','title',0,'','','','',0,1,1,0);
INSERT INTO `z_resources_columns` VALUES (19,19,13,'Привилегия','','title',0,'','','','',0,1,1,0);
INSERT INTO `z_resources_columns` VALUES (20,20,32,'Адрес','','uri',0,'','','','',0,1,1,0);
INSERT INTO `z_resources_columns` VALUES (21,21,32,'Заголовок','','title',0,'','','','',0,1,1,0);
INSERT INTO `z_resources_columns` VALUES (23,22,62,'Название','','label',0,'','','','',0,1,1,0);
INSERT INTO `z_resources_columns` VALUES (24,24,59,'Название','30%','title',0,'','','','',0,1,1,0);
INSERT INTO `z_resources_columns` VALUES (25,32,59,'Поле','20%','field',0,'','','','',0,1,1,0);
INSERT INTO `z_resources_columns` VALUES (26,33,59,'Ширина','','width',0,'','','','',0,1,1,0);
INSERT INTO `z_resources_columns` VALUES (27,27,62,'Тип','','type',0,'','','','',0,1,1,0);
INSERT INTO `z_resources_columns` VALUES (28,23,62,'Поле','','field',0,'','','','',0,1,1,0);
INSERT INTO `z_resources_columns` VALUES (29,23,63,'Имя параметра','30%','title',0,'','','','',0,1,1,0);
INSERT INTO `z_resources_columns` VALUES (30,24,63,'Значение','','value',0,'<pre>{{value}}</pre>','','','',0,1,1,0);
INSERT INTO `z_resources_columns` VALUES (31,25,60,'Условие','50%','condition',0,'','','','',0,1,1,0);
INSERT INTO `z_resources_columns` VALUES (32,26,60,'Значение','','value',0,'','','','',0,1,1,0);
INSERT INTO `z_resources_columns` VALUES (33,27,61,'Модель','30%','model',0,'','','','',0,1,1,0);
INSERT INTO `z_resources_columns` VALUES (34,28,61,'Условие','30%','condition',0,'','','','',0,1,1,0);
INSERT INTO `z_resources_columns` VALUES (35,29,61,'Поля','','fields',0,'','','','',0,1,1,0);
INSERT INTO `z_resources_columns` VALUES (36,30,64,'Поле','','field',0,'','','','',0,1,1,0);
INSERT INTO `z_resources_columns` VALUES (37,31,64,'Модель','','model',0,'','','','',0,1,1,0);
INSERT INTO `z_resources_columns` VALUES (38,34,65,'Название','','title',0,'','','','',0,1,1,0);
INSERT INTO `z_resources_columns` VALUES (39,35,66,'Название таблицы','50%','title',0,'','title LIKE ?','','',0,1,1,0);
INSERT INTO `z_resources_columns` VALUES (40,36,67,'Поле','','title',0,'','','','',0,1,1,0);
INSERT INTO `z_resources_columns` VALUES (41,37,67,'Тип','','type1',0,'{{type}} ({{len}})','','','',0,1,1,0);
INSERT INTO `z_resources_columns` VALUES (43,38,66,'Запустить конструктор','20%','run',0,'','','','if (in_array(\'{{title}}\',Z_Db_Table::getDefaultAdapter()->listTables()))\n	return \'<a href=\"\'.$this->url(array(\'action\'=>\'rebuild\',\'id\'=>{{id}})).\'\" class=\"z-ajax\">Модифицировать<a>\';\nelse\n	return \'<a href=\"\'.$this->url(array(\'action\'=>\'build\',\'id\'=>{{id}})).\'\" class=\"z-ajax\">Запустить конструктор<a>\';',0,1,1,0);
INSERT INTO `z_resources_columns` VALUES (45,39,67,'Индекс','','is_index1',0,'','','','return \'{{is_index}}\'?\'Да\':\'\';',0,1,1,0);
INSERT INTO `z_resources_columns` VALUES (46,40,75,'Заголовок','','title',0,'','','','',1,1,1,0);
INSERT INTO `z_resources_columns` VALUES (47,41,75,'Ссылка','','url',0,'','','','',1,1,1,0);
INSERT INTO `z_resources_columns` VALUES (60,53,85,'Название','','title',0,'','','','',1,1,1,0);
INSERT INTO `z_resources_columns` VALUES (61,54,87,'timestamp','','timestamp',0,'','','','',1,1,1,0);
INSERT INTO `z_resources_columns` VALUES (62,55,87,'priorityName','','priorityName',0,'','priorityName=?','','',1,1,1,0);
INSERT INTO `z_resources_columns` VALUES (63,56,87,'message','','message',0,'','message LIKE ?','','',1,1,1,0);
INSERT INTO `z_resources_columns` VALUES (64,57,87,'info','','info',0,'','','','',1,1,1,0);
INSERT INTO `z_resources_columns` VALUES (65,58,88,'Идентификатор','','sid',0,'','','','',1,1,1,0);
INSERT INTO `z_resources_columns` VALUES (66,59,88,'Тип','','type',0,'','','','',1,1,1,0);
INSERT INTO `z_resources_columns` VALUES (67,60,89,'Параметр','','title',0,'','','','',1,1,1,0);
INSERT INTO `z_resources_columns` VALUES (68,61,91,'Название','','title',0,'','','','',1,1,1,0);
INSERT INTO `z_resources_columns` VALUES (69,62,92,'Название','','title',0,'','title LIKE ?','','',1,1,1,0);
INSERT INTO `z_resources_columns` VALUES (70,63,92,'Тематика','','theme_id',0,'','theme_id = ?','return Site_Model_News_Themes::getPairs();','$arr = Site_Model_News_Themes::getPairs();\r\nreturn $arr[{{theme_id}}];\r\n',1,1,1,0);
INSERT INTO `z_resources_columns` VALUES (71,64,92,'Дата добавления','','date',0,'','','','',1,1,1,0);
/*!40000 ALTER TABLE `z_resources_columns` ENABLE KEYS */;
UNLOCK TABLES;

--
-- Table structure for table `z_resources_conditions`
--

DROP TABLE IF EXISTS `z_resources_conditions`;
/*!40101 SET @saved_cs_client     = @@character_set_client */;
/*!40101 SET character_set_client = utf8 */;
CREATE TABLE `z_resources_conditions` (
  `id` int(11) NOT NULL AUTO_INCREMENT,
  `resourceid` int(11) NOT NULL,
  `condition` varchar(255) NOT NULL,
  `value` varchar(255) NOT NULL,
  PRIMARY KEY (`id`),
  KEY `recourceid` (`resourceid`)
) ENGINE=InnoDB AUTO_INCREMENT=7 DEFAULT CHARSET=utf8;
/*!40101 SET character_set_client = @saved_cs_client */;

--
-- Dumping data for table `z_resources_conditions`
--

LOCK TABLES `z_resources_conditions` WRITE;
/*!40000 ALTER TABLE `z_resources_conditions` DISABLE KEYS */;
INSERT INTO `z_resources_conditions` VALUES (5,8,'login!=?','guest');
INSERT INTO `z_resources_conditions` VALUES (6,89,'parentid=?','0');
/*!40000 ALTER TABLE `z_resources_conditions` ENABLE KEYS */;
UNLOCK TABLES;

--
-- Table structure for table `z_resources_forms`
--

DROP TABLE IF EXISTS `z_resources_forms`;
/*!40101 SET @saved_cs_client     = @@character_set_client */;
/*!40101 SET character_set_client = utf8 */;
CREATE TABLE `z_resources_forms` (
  `id` int(11) NOT NULL AUTO_INCREMENT,
  `resourceid` int(11) NOT NULL,
  `orderid` int(11) NOT NULL,
  `type` varchar(255) NOT NULL,
  `field` varchar(255) NOT NULL,
  `label` varchar(255) NOT NULL,
  `required` int(1) NOT NULL DEFAULT '0',
  `value` varchar(255) NOT NULL,
  `description` text NOT NULL,
  `only_for_root` int(1) NOT NULL DEFAULT '0',
  `show_check` text NOT NULL,
  `is_file` int(1) NOT NULL DEFAULT '0',
  PRIMARY KEY (`id`),
  KEY `resourceid` (`resourceid`),
  KEY `orderid` (`orderid`)
) ENGINE=InnoDB AUTO_INCREMENT=169 DEFAULT CHARSET=utf8;
/*!40101 SET character_set_client = @saved_cs_client */;

--
-- Dumping data for table `z_resources_forms`
--

LOCK TABLES `z_resources_forms` WRITE;
/*!40000 ALTER TABLE `z_resources_forms` DISABLE KEYS */;
INSERT INTO `z_resources_forms` VALUES (1,21,1,'Text','title','Название',1,'','',0,'',0);
INSERT INTO `z_resources_forms` VALUES (2,21,2,'Text','sid','Адрес страницы',1,'','<p>Только латинские буквы, цифры и симпол подчеркивания. Пример адреса: about</p>\r\n<p>для расположения на главной странице необходимо ввести \"index\"</p>',1,'',0);
INSERT INTO `z_resources_forms` VALUES (3,21,3,'mce','text','Текст',1,'','',0,'',0);
INSERT INTO `z_resources_forms` VALUES (4,21,4,'checkbox','z_can_delete','Разрешить удалять?',0,'1','',1,'',0);
INSERT INTO `z_resources_forms` VALUES (8,57,8,'text','title','Название',1,'','',0,'',0);
INSERT INTO `z_resources_forms` VALUES (9,57,9,'text','sid','Идентификатор',1,'','',1,'',0);
INSERT INTO `z_resources_forms` VALUES (10,57,10,'mce','description','Описание',1,'','',1,'',0);
INSERT INTO `z_resources_forms` VALUES (11,57,11,'mce','message','Шаблон сообщения',1,'','',0,'',0);
INSERT INTO `z_resources_forms` VALUES (12,57,12,'text','theme','Тема',1,'','',0,'',0);
INSERT INTO `z_resources_forms` VALUES (13,57,13,'text','from','От кого',0,'','Если не указано, то берется из настроек',0,'',0);
INSERT INTO `z_resources_forms` VALUES (14,57,14,'text','to','Кому',0,'','Если не указано, то берется из настроек',0,'',0);
INSERT INTO `z_resources_forms` VALUES (17,8,15,'text','login','Логин',1,'','',0,'',0);
INSERT INTO `z_resources_forms` VALUES (18,8,16,'password','password','Пароль',0,'','Если не указывать, то он останется прежним',0,'',0);
INSERT INTO `z_resources_forms` VALUES (19,8,17,'select','role_id','Роль',1,'','',0,'',0);
INSERT INTO `z_resources_forms` VALUES (20,11,18,'text','title','Название',1,'','',0,'',0);
INSERT INTO `z_resources_forms` VALUES (21,11,19,'text','roleId','Идентификатор',1,'','',0,'',0);
INSERT INTO `z_resources_forms` VALUES (22,19,20,'select','resource_id','Ресурс',1,'','',0,'',0);
INSERT INTO `z_resources_forms` VALUES (23,19,21,'multiCheckbox','privileges','Привилегия',0,'','',0,'',0);
INSERT INTO `z_resources_forms` VALUES (24,19,22,'select','rule','Правило',1,'','',0,'',0);
INSERT INTO `z_resources_forms` VALUES (25,18,23,'select','parent_role_id','Родительская роль',1,'','',0,'',0);
INSERT INTO `z_resources_forms` VALUES (26,13,24,'text','title','Название',1,'','',0,'',0);
INSERT INTO `z_resources_forms` VALUES (27,13,25,'text','name','Идентификатор',0,'','',0,'',0);
INSERT INTO `z_resources_forms` VALUES (28,32,26,'text','uri','Адрес',1,'','Адрес страницы относительно корня сайта. Должен начинаться с символа \"/\"',0,'',0);
INSERT INTO `z_resources_forms` VALUES (29,32,27,'text','title','Заголовок',0,'','',0,'',0);
INSERT INTO `z_resources_forms` VALUES (30,32,28,'Checkbox','title_block','Добавлять к существующему заголовку',0,'1','',0,'',0);
INSERT INTO `z_resources_forms` VALUES (31,32,29,'text','description','description',0,'','',0,'',0);
INSERT INTO `z_resources_forms` VALUES (32,32,30,'Checkbox','description_block','Добавлять к существующему description',0,'','',0,'',0);
INSERT INTO `z_resources_forms` VALUES (33,32,31,'text','keywords','keywords',0,'','',0,'',0);
INSERT INTO `z_resources_forms` VALUES (34,32,32,'Checkbox','keywords_block','Добавлять к существующему keywords',0,'','',0,'',0);
INSERT INTO `z_resources_forms` VALUES (35,11,33,'checkbox','z_can_delete','Возможно удалять?',0,'','',1,'',0);
INSERT INTO `z_resources_forms` VALUES (36,12,0,'text','title','Название',1,'','',0,'',0);
INSERT INTO `z_resources_forms` VALUES (37,12,36,'text','resourceId','Идентификатор',1,'','',0,'',0);
INSERT INTO `z_resources_forms` VALUES (38,12,37,'text','actionId','Действие',0,'list','',0,'',0);
INSERT INTO `z_resources_forms` VALUES (39,12,38,'select','parentid','Родитель',1,'','',0,'return $this->_getParam(\'action\')==\'edit\';',0);
INSERT INTO `z_resources_forms` VALUES (40,12,39,'Checkbox','visible','Видимый в меню?',0,'1','',0,'',0);
INSERT INTO `z_resources_forms` VALUES (41,12,41,'Select','model','Модель',0,'','',0,'',0);
INSERT INTO `z_resources_forms` VALUES (42,12,42,'Select','datatype','Тип',1,'','',0,'',0);
INSERT INTO `z_resources_forms` VALUES (43,12,43,'Text','default_field','Поле по умолчанию',0,'title','',0,'',0);
INSERT INTO `z_resources_forms` VALUES (44,12,46,'text','order','Сортировка',0,'id','<p>Список полей для сортировки, разделяемый символом \";\"</p>',0,'',0);
INSERT INTO `z_resources_forms` VALUES (45,12,47,'text','group','Группировка',0,'','',0,'',0);
INSERT INTO `z_resources_forms` VALUES (46,12,48,'text','paginate','Постраничность',1,'15','',0,'',0);
INSERT INTO `z_resources_forms` VALUES (47,12,49,'Checkbox','can_delete','Разрешить удалять?',0,'1','',0,'',0);
INSERT INTO `z_resources_forms` VALUES (48,12,50,'Checkbox','can_edit','Разрешить редактировать?',0,'1','',0,'',0);
INSERT INTO `z_resources_forms` VALUES (49,12,51,'Checkbox','can_add','Разрешить добавлять?',0,'1','',0,'',0);
INSERT INTO `z_resources_forms` VALUES (50,12,52,'Checkbox','delete_confirm','Подтверждение удаления?',0,'1','',0,'',0);
INSERT INTO `z_resources_forms` VALUES (51,12,53,'Checkbox','delete_on_have_child','Удалять при наличии детей?',0,'0','',0,'',0);
INSERT INTO `z_resources_forms` VALUES (52,12,54,'Checkbox','sortable','Сортируемый?',0,'0','',0,'',0);
INSERT INTO `z_resources_forms` VALUES (53,12,96,'Select','sortable_position','Позиция при добавлении',0,'','Работает только в сортируемых каталогах и списках',0,'',0);
INSERT INTO `z_resources_forms` VALUES (54,12,44,'Text','parent_field','Родительское поле',0,'','<p>Используется, если вы хотите установить связь с родительской таблицей. В этом случае родительской таблицей является таблица модели родительского ресурса.</p>',0,'',0);
INSERT INTO `z_resources_forms` VALUES (55,62,57,'Select','type','Тип',1,'text','',0,'',0);
INSERT INTO `z_resources_forms` VALUES (56,62,56,'Autocomplete','field','Поле',1,'','',0,'',0);
INSERT INTO `z_resources_forms` VALUES (57,62,55,'text','label','Название (label)',1,'','',0,'',0);
INSERT INTO `z_resources_forms` VALUES (58,62,58,'Checkbox','required','Обязательное',0,'1','',0,'',0);
INSERT INTO `z_resources_forms` VALUES (59,62,59,'text','value','Значение по умолчанию',0,'','',0,'',0);
INSERT INTO `z_resources_forms` VALUES (60,62,60,'mce','description','Описание',0,'','',0,'',0);
INSERT INTO `z_resources_forms` VALUES (61,62,62,'Checkbox','only_for_root','Видно только для суперпользователя',0,'0','',0,'',0);
INSERT INTO `z_resources_forms` VALUES (62,62,94,'EditArea','show_check','Функция проверки доступности',0,'','<p>PHP функция. Если возвращает false, то поле будет недоступно.</p>',0,'',0);
INSERT INTO `z_resources_forms` VALUES (63,59,63,'text','title','Название',1,'','',0,'',0);
INSERT INTO `z_resources_forms` VALUES (64,59,64,'Autocomplete','field','Поле в БД',1,'','',0,'',0);
INSERT INTO `z_resources_forms` VALUES (65,59,65,'text','width','Ширина',0,'','',0,'',0);
INSERT INTO `z_resources_forms` VALUES (66,59,68,'checkbox','orderlink','Использовать для сортировки',1,'','',0,'',0);
INSERT INTO `z_resources_forms` VALUES (67,59,69,'text','template','Шаблон',0,'','',0,'',0);
INSERT INTO `z_resources_forms` VALUES (68,59,70,'EditArea','eval','eval',0,'','',0,'',0);
INSERT INTO `z_resources_forms` VALUES (69,59,95,'Text','filter_query','Фильтр',0,'','<p>Условие для SQL.</p>\n<p>Пример: \"id=?\" или \"title LIKE ?\"</p>',0,'',0);
INSERT INTO `z_resources_forms` VALUES (70,59,97,'EditArea','filter_items','Элементы для фильтра с выбором',0,'','<p>Этот PHP код должен вернуть ассоцитиативный массив.</p>',0,'',0);
INSERT INTO `z_resources_forms` VALUES (71,63,71,'text','title','Имя параметра',1,'','',0,'',0);
INSERT INTO `z_resources_forms` VALUES (72,63,72,'EditArea','value','Значение',1,'','',0,'',0);
INSERT INTO `z_resources_forms` VALUES (73,63,73,'checkbox','is_eval','PHP код',0,'1','',0,'',0);
INSERT INTO `z_resources_forms` VALUES (74,60,74,'text','condition','Условие',1,'','',0,'',0);
INSERT INTO `z_resources_forms` VALUES (75,60,75,'text','value','Значение',1,'','',0,'',0);
INSERT INTO `z_resources_forms` VALUES (76,61,76,'select','model','Модель',1,'','',0,'',0);
INSERT INTO `z_resources_forms` VALUES (77,61,77,'text','condition','Условие',1,'','<p>Условие присоединения в SQL винтаксисе.&nbsp;Возможно применение шаблона:</p>\n<p>{{table}} - таблица текущей модели</p>\n<p>{{jointable}} - таблица присоединяемой модели</p>\n<p>Пример: {{table}}.id={{jointable}}.tableid</p>',0,'',0);
INSERT INTO `z_resources_forms` VALUES (78,61,78,'text','fields','Поля',1,'','<p>Блоки разделяются символом \";\"<br />Каждый блок содержит поле таблицы и имя этого поля в запросе<br />Например: title|mytitle;shop|shopname</p>',0,'',0);
INSERT INTO `z_resources_forms` VALUES (79,64,79,'select','model','Модель',1,'','',0,'',0);
INSERT INTO `z_resources_forms` VALUES (80,64,80,'text','field','Поле',1,'','',0,'',0);
INSERT INTO `z_resources_forms` VALUES (81,64,81,'text','field1','Поле для связи на текущую таблицу',1,'','',0,'',0);
INSERT INTO `z_resources_forms` VALUES (82,64,82,'text','field2','Поле для связи на таблицу указанной модели',1,'','',0,'',0);
INSERT INTO `z_resources_forms` VALUES (83,65,83,'Text','title','Название',1,'','',0,'',0);
INSERT INTO `z_resources_forms` VALUES (84,65,84,'EditArea','url','Ссылка',1,'','<p>php код, адрес ссылки</p>',0,'',0);
INSERT INTO `z_resources_forms` VALUES (85,65,85,'Text','class','Класс',0,'','<p>класс тега в html коде</p>',0,'',0);
INSERT INTO `z_resources_forms` VALUES (86,66,86,'Text','title','Название',1,'','',0,'',0);
INSERT INTO `z_resources_forms` VALUES (87,67,87,'Text','title','Название',1,'','',0,'',0);
INSERT INTO `z_resources_forms` VALUES (88,67,88,'Select','type','Тип',1,'','',0,'',0);
INSERT INTO `z_resources_forms` VALUES (89,67,89,'Text','len','Длина',0,'','',0,'',0);
INSERT INTO `z_resources_forms` VALUES (91,67,90,'Select','default','По умолчанию',1,'','',0,'',0);
INSERT INTO `z_resources_forms` VALUES (92,67,91,'Text','default_value','Значение по умолчанию',0,'','',0,'',0);
INSERT INTO `z_resources_forms` VALUES (93,67,92,'Checkbox','is_null','NULL',0,'','',0,'',0);
INSERT INTO `z_resources_forms` VALUES (94,67,93,'Checkbox','is_index','Индекс',0,'','',0,'',0);
INSERT INTO `z_resources_forms` VALUES (97,62,61,'Checkbox','is_file','Удалять файл',0,'1','<p>Действует только для типа \"Файл\". Если флажок установлен, то при удалении элемента, будет удален и сопутствующий файл.</p>',0,'',0);
INSERT INTO `z_resources_forms` VALUES (98,59,98,'Checkbox','on_have_subcat','Показывать для разделов',1,'1','<p>Только для каталога.</p>\n<p>Если флажок установлен, то эта колонка будет показываться для всех разделов каталога.</p>\n<p>Если флажок снят, то колонка будет показываться только для \"листьев\" дерева каталога.</p>',0,'',1);
INSERT INTO `z_resources_forms` VALUES (99,12,40,'Checkbox','on_have_subcat','Показывать этот ресурс для всех разделов каталога',1,'1','<p>Если стоит галочка, то этот ресурс будет виден для всех разделов каталога.</p>\n<p>Иначе только для \"листьев\"</p>',0,'',1);
INSERT INTO `z_resources_forms` VALUES (100,59,66,'Checkbox','visible','Видимая',0,'1','<p>Если не установлен флажок, то колонка не будет видна в списке, но останется в фильтрах.</p>',0,'',0);
INSERT INTO `z_resources_forms` VALUES (101,59,67,'Checkbox','escape','Escape',0,'1','',0,'',0);
INSERT INTO `z_resources_forms` VALUES (105,12,45,'Text','indexate','Поля для индексирования',0,'','<p>список полей через точку с запятой</p>',0,'',0);
INSERT INTO `z_resources_forms` VALUES (106,75,99,'Text','title','Название пункта меню',1,'','',0,'',0);
INSERT INTO `z_resources_forms` VALUES (107,75,100,'Select','page','Страница',0,'','',0,'if ($this->getRequest()->getActionName()==\'add\')\r\njQuery::evalScript(\'\r\n	$(\"#url\").attr(\"value\",$(\"#page\").attr(\"value\"));\r\n\');\r\njQuery::evalScript(\'\r\n	$(\"#page\").change(function(){\r\n		$(\"#url\").attr(\"value\",$(this).attr(\"value\"));\r\n	})\r\n\');\r\nreturn true;',0);
INSERT INTO `z_resources_forms` VALUES (108,75,101,'Text','url','Ссылка',1,'','',0,'',0);
INSERT INTO `z_resources_forms` VALUES (134,85,127,'Text','title','Название',1,'','',1,'',1);
INSERT INTO `z_resources_forms` VALUES (135,85,130,'Text','band_title','Название элемента ленты',0,'Название','',1,'',1);
INSERT INTO `z_resources_forms` VALUES (136,85,128,'Text','band_sid','Идентификатор ленты',1,'','<p>только латинские буквы, цифры и символы подчркивания и тире</p>',1,'',1);
INSERT INTO `z_resources_forms` VALUES (137,85,131,'Text','band_date','Дата',0,'Дата','',1,'',1);
INSERT INTO `z_resources_forms` VALUES (138,85,132,'Text','band_file','Файл/Картинка',0,'','',1,'',1);
INSERT INTO `z_resources_forms` VALUES (139,85,133,'Text','band_url','Ссылка',0,'','',1,'',1);
INSERT INTO `z_resources_forms` VALUES (140,85,134,'Text','band_description','Краткое описание',0,'Краткое описание','',1,'',1);
INSERT INTO `z_resources_forms` VALUES (141,85,135,'Text','band_text','Полное описание',0,'Текст новости','',1,'',1);
INSERT INTO `z_resources_forms` VALUES (142,85,142,'Text','band_perpage','Постраничность',1,'0','<p>Если указан 0, то без постраничности</p>',1,'',1);
INSERT INTO `z_resources_forms` VALUES (143,85,143,'Select','band_order','Сортировка по полю',1,'id','',1,'',1);
INSERT INTO `z_resources_forms` VALUES (144,85,144,'Select','band_orderdir','Направление сортировки',1,'ASC','',1,'',1);
INSERT INTO `z_resources_forms` VALUES (145,85,136,'Text','band_param1','param1',0,'','',1,'',1);
INSERT INTO `z_resources_forms` VALUES (146,85,137,'Text','band_param2','param2',0,'','',1,'',1);
INSERT INTO `z_resources_forms` VALUES (147,85,138,'Text','band_param3','param3',0,'','',1,'',1);
INSERT INTO `z_resources_forms` VALUES (148,85,139,'Text','band_text1','text1',0,'','',1,'',1);
INSERT INTO `z_resources_forms` VALUES (149,85,140,'Text','band_text2','text2',0,'','',1,'',1);
INSERT INTO `z_resources_forms` VALUES (150,85,141,'Text','band_text3','text3',0,'','',1,'',1);
INSERT INTO `z_resources_forms` VALUES (151,85,145,'Text','band_template','Шаблон списка',0,'list','',1,'',1);
INSERT INTO `z_resources_forms` VALUES (152,85,146,'Text','band_template_card','Шаблон элемента',0,'card','',1,'',1);
INSERT INTO `z_resources_forms` VALUES (153,85,129,'Label','none','Заголовки полей (* в конце - обязательное поле)',0,'','',1,'',1);
INSERT INTO `z_resources_forms` VALUES (154,86,148,'File','file','file',0,'','',0,'return false;',1);
INSERT INTO `z_resources_forms` VALUES (155,85,147,'Mce','description','Описание',0,'','',0,'',1);
INSERT INTO `z_resources_forms` VALUES (156,88,149,'Text','title','Название',1,'','',0,'',1);
INSERT INTO `z_resources_forms` VALUES (157,88,150,'Text','sid','Идентификатор',1,'','',0,'',1);
INSERT INTO `z_resources_forms` VALUES (158,88,151,'Select','type','Тип',1,'','',0,'',1);
INSERT INTO `z_resources_forms` VALUES (159,88,153,'Select','parentid','Родитель',1,'0','',0,'',1);
INSERT INTO `z_resources_forms` VALUES (160,88,152,'Checkbox','required','Обязательный?',0,'','',0,'',1);
INSERT INTO `z_resources_forms` VALUES (161,91,154,'Text','title','Название',1,'','',0,'',1);
INSERT INTO `z_resources_forms` VALUES (162,91,155,'mce','description','Описание',0,'','',0,'',1);
INSERT INTO `z_resources_forms` VALUES (163,92,156,'Text','title','Название',1,'','',0,'',1);
INSERT INTO `z_resources_forms` VALUES (164,92,157,'Date','date','Дата',1,'','',0,'',1);
INSERT INTO `z_resources_forms` VALUES (165,92,159,'File','pic','Картинка',0,'','',0,'',1);
INSERT INTO `z_resources_forms` VALUES (166,92,160,'mce','description','Краткое описание',1,'','',0,'',1);
INSERT INTO `z_resources_forms` VALUES (167,92,161,'mce','text','Полный текст',0,'','',0,'',1);
INSERT INTO `z_resources_forms` VALUES (168,92,158,'Select','theme_id','Тематика',1,'','',0,'',1);
/*!40000 ALTER TABLE `z_resources_forms` ENABLE KEYS */;
UNLOCK TABLES;

--
-- Table structure for table `z_resources_forms_params`
--

DROP TABLE IF EXISTS `z_resources_forms_params`;
/*!40101 SET @saved_cs_client     = @@character_set_client */;
/*!40101 SET character_set_client = utf8 */;
CREATE TABLE `z_resources_forms_params` (
  `id` int(11) NOT NULL AUTO_INCREMENT,
  `formid` int(11) NOT NULL,
  `title` varchar(255) NOT NULL,
  `value` text NOT NULL,
  `is_eval` int(1) NOT NULL DEFAULT '0',
  PRIMARY KEY (`id`),
  KEY `formid` (`formid`)
) ENGINE=InnoDB AUTO_INCREMENT=41 DEFAULT CHARSET=utf8;
/*!40101 SET character_set_client = @saved_cs_client */;

--
-- Dumping data for table `z_resources_forms_params`
--

LOCK TABLES `z_resources_forms_params` WRITE;
/*!40000 ALTER TABLE `z_resources_forms_params` DISABLE KEYS */;
INSERT INTO `z_resources_forms_params` VALUES (2,11,'description','$templateDescription = \'\';\r\nif (Z_Auth::getInstance()->getUser()->getRole()!=\'root\' && $this->_getParam(\'id\'))\r\n{\r\n  $templateDescription = $this->z_model->find($this->_getParam(\'id\'))->current()->description;\r\n}\r\nreturn $templateDescription;',1);
INSERT INTO `z_resources_forms_params` VALUES (3,19,'multiOptions','$rolesModel = new Z_Model_Roles();\r\nreturn $rolesModel->fetchPairs(array(\'id\',\'title\'),array(),\'title\');',1);
INSERT INTO `z_resources_forms_params` VALUES (4,17,'filters','return array(\'StringTrim\');',1);
INSERT INTO `z_resources_forms_params` VALUES (5,17,'validators','$exclude = NULL;\r\nif ($this->_getParam(\'action\')==\'edit\'){\r\n  $exclude = Z_Db_Table::getDefaultAdapter()->quoteInto(\'id != ?\', $this->_getParam(\'id\'));\r\n}\r\n\r\nreturn array(\r\n  array(\'StringLength\', true, array(4, 255)),\r\n  \'alnum\',\r\n  array(\'db_NoRecordExists\', true, array($this->z_model->info(\'name\'),\'login\',$exclude))\r\n);',1);
INSERT INTO `z_resources_forms_params` VALUES (6,18,'validators','return array(\r\n  array(\'StringLength\', true, array(6, 255)),\r\n);',1);
INSERT INTO `z_resources_forms_params` VALUES (7,21,'validators','$exclude = NULL;\r\nif ($this->_getParam(\'action\')==\'edit\')\r\n{\r\n  $exclude = Z_Db_Table::getDefaultAdapter()->quoteInto(\'id != ?\', $this->_getParam(\'id\'));\r\n}\r\nreturn array(\r\n array(\'db_NoRecordExists\', true, array($this->z_model->info(\'name\'),\'roleId\',$exclude))\r\n);',1);
INSERT INTO `z_resources_forms_params` VALUES (8,22,'MultiOptions','$resourcesModel = new Z_Model_Resources();\r\nreturn $resourcesModel->fetchPairsCat();',1);
INSERT INTO `z_resources_forms_params` VALUES (9,23,'MultiOptions','$privilegesModel = new Z_Model_Privileges();\r\nreturn $privilegesModel->fetchPairs(array(\'id\',\'title\'),array(),\'title asc\');',1);
INSERT INTO `z_resources_forms_params` VALUES (10,24,'MultiOptions','return array(\'allow\'=>\'Разрешить\',\'deny\'=>\'Запретить\');',1);
INSERT INTO `z_resources_forms_params` VALUES (11,25,'MultiOptions','$curRoleId = $this->_getParam($this->getResourceInfo()->resourceId.\'_parentid\');\r\n$rolesModel = new Z_Model_Roles();\r\nreturn $rolesModel->fetchPairs(array(\'id\',\'title\'),array(\'id!=?\'=>$curRoleId));',1);
INSERT INTO `z_resources_forms_params` VALUES (12,27,'validators','$exclude = NULL;\r\nif ($this->_getParam(\'action\')==\'edit\'){\r\n  $exclude = Z_Db_Table::getDefaultAdapter()->quoteInto(\'id != ?\', $this->_getParam(\'id\'));\r\n}\r\nreturn array(\r\n  array(\'db_NoRecordExists\', true, array($this->z_model->info(\'name\'),\'name\',$exclude))\r\n);',1);
INSERT INTO `z_resources_forms_params` VALUES (13,39,'MultiOptions','$options = $this->z_model->fetchPairsCat();\n$options[0] = \'Корень\';\nif ($this->_getParam(\'action\')==\'edit\') unset($options[$this->_getParam(\'id\')]);\nreturn $options;',1);
INSERT INTO `z_resources_forms_params` VALUES (14,41,'MultiOptions','$models = Z_Db_Model_Generator::getAllModels();\r\n$models = array_combine($models,$models);\r\n$models[\'\'] = \'Нет\';\r\nreturn $models;',1);
INSERT INTO `z_resources_forms_params` VALUES (15,42,'MultiOptions','return array(\'band\'=>\'Лента\',\'catalog\'=>\'Каталог\');',1);
INSERT INTO `z_resources_forms_params` VALUES (16,53,'MultiOptions','return array(\'bottom\'=>\'В конец\',\'top\'=>\'В начало\');',1);
INSERT INTO `z_resources_forms_params` VALUES (17,76,'MultiOptions','$models = Z_Db_Model_Generator::getAllModels();\nreturn array_combine($models,$models);\n',1);
INSERT INTO `z_resources_forms_params` VALUES (18,79,'MultiOptions','$models = Z_Db_Model_Generator::getAllModels();\nreturn array_combine($models,$models);',1);
INSERT INTO `z_resources_forms_params` VALUES (23,55,'MultiOptions','return array(\r\n	\'Text\'		=>	\'Строка\',\r\n	\'Autocomplete\'	=>	\'Автодополнение\',\r\n	\'AutocompleteId\'=>	\'Автодополнение с выбором идентификатора\',\r\n	\'Date\'		=>	\'Дата\',\r\n	\'Textarea\'	=>	\'Текст\',\r\n	\'mce\'		=>	\'Mce HTML редактор\',\r\n	\'File\'		=>	\'Файл\',\r\n	\'Select\'	=>	\'Выпадающий список\',\r\n	\'Radio\'		=>	\'Радио-кнопка\',\r\n	\'Checkbox\'	=>	\'Флажок\',\r\n	\'MultiCheckbox\'	=>	\'Мультифлажок\',\r\n	\'EditArea\'	=>	\'Редактор кода\',\r\n	\'Hidden\'	=>	\'Скрытое поле\',\r\n	\'Password\'	=>	\'Пароль\',\r\n	\'PointPicker\'	=>	\'Выбор точки на картинке\',\r\n	\'Label\'		=>	\'Текстовая метка\'\r\n);',1);
INSERT INTO `z_resources_forms_params` VALUES (24,88,'MultiOptions','return array(\n	\'int\'		=>	\'int\',\n	\'varchar\'	=>	\'varchar\',\n	\'text\'		=>	\'text\',\n	\'date\'		=>	\'date\',\n	\'timestamp\'	=>	\'timestamp\'\n);',1);
INSERT INTO `z_resources_forms_params` VALUES (25,89,'validators','return array(\n	array(\'Digits\')\n);',1);
INSERT INTO `z_resources_forms_params` VALUES (26,91,'MultiOptions','return array(\n	\'no\'			=>	\'Нет\',\n	\'asdefine\'		=>	\'Как определено\',\n	\'CURRENT_TIMESTAMP\'	=>	\'CURRENT_TIMESTAMP\'\n);',1);
INSERT INTO `z_resources_forms_params` VALUES (27,3,'filemanager','1',0);
INSERT INTO `z_resources_forms_params` VALUES (28,107,'multiOptions','return Z_Resource_Aggregator::getInstance()->getList();',1);
INSERT INTO `z_resources_forms_params` VALUES (29,107,'size','15',0);
INSERT INTO `z_resources_forms_params` VALUES (32,64,'source','$id = $this->_getParam(\'acl_resourcecolumns_parentid\');\r\n$modelName = \'\';\r\n$model = new Z_Model_Resources();\r\nif ($id) $modelName = $model->find($id)->current()->model;\r\nreturn $this->view->url(array(\'controller\'=>\'acl_resources\',\'action\'=>\'getmodelfields\',\'model\'=>$modelName));',1);
INSERT INTO `z_resources_forms_params` VALUES (33,56,'source','$id = $this->_getParam(\'acl_resourceforms_parentid\');\r\n$modelName = \'\';\r\n$model = new Z_Model_Resources();\r\nif ($id) $modelName = $model->find($id)->current()->model;\r\nreturn $this->view->url(array(\'controller\'=>\'acl_resources\',\'action\'=>\'getmodelfields\',\'model\'=>$modelName));',1);
INSERT INTO `z_resources_forms_params` VALUES (34,136,'validators','return array(array(\'regex\',true,\'~^[a-zA-Z0-9_-]+$~\'));',1);
INSERT INTO `z_resources_forms_params` VALUES (35,143,'MultiOptions','return array(\r\n	\'id\'		=>	\'id\',\r\n	\'title\'		=>	\'Заголовок\',\r\n	\'date\'		=>	\'Дата\',\r\n	\'param1\'	=>	\'param1\',\r\n	\'param2\'	=>	\'param2\',\r\n	\'param3\'	=>	\'param3\',\r\n	\'orderid\'	=>	\'Свой порядок сортировки\',\r\n);',1);
INSERT INTO `z_resources_forms_params` VALUES (36,144,'MultiOptions','return array(\'ASC\'=>\'Прямое\',\'DESC\'=>\'Обратное\');',1);
INSERT INTO `z_resources_forms_params` VALUES (37,158,'MultiOptions','return array(\r\n\'directory\'	=>	\'Папка\',\r\n\'int\'		=>	\'Число\',\r\n\'bool\'		=>	\'Да/Нет\',\r\n\'string\'	=>	\'Строка\',\r\n\'password\'	=>	\'Пароль\',\r\n\'text\'		=>	\'Текст\',\r\n\'file\'		=>	\'Файл\',\r\n\'image\'		=>	\'Картинка\',\r\n\'html\'		=>	\'HTML текст\');',1);
INSERT INTO `z_resources_forms_params` VALUES (38,159,'MultiOptions','return $this->getTree();',1);
INSERT INTO `z_resources_forms_params` VALUES (39,2,'validators','return array(\r\n	array(\'regex\', false, array(\'/^[a-zA-Z0-9]+$/iu\'))\r\n);',1);
INSERT INTO `z_resources_forms_params` VALUES (40,168,'MultiOptions','return Site_Model_News_Themes::getPairs();',1);
/*!40000 ALTER TABLE `z_resources_forms_params` ENABLE KEYS */;
UNLOCK TABLES;

--
-- Table structure for table `z_resources_joins`
--

DROP TABLE IF EXISTS `z_resources_joins`;
/*!40101 SET @saved_cs_client     = @@character_set_client */;
/*!40101 SET character_set_client = utf8 */;
CREATE TABLE `z_resources_joins` (
  `id` int(11) NOT NULL AUTO_INCREMENT,
  `orderid` int(11) NOT NULL,
  `resourceid` int(11) NOT NULL,
  `model` varchar(255) NOT NULL,
  `condition` varchar(255) NOT NULL,
  `fields` varchar(255) NOT NULL,
  PRIMARY KEY (`id`),
  KEY `orderid` (`orderid`),
  KEY `resourceid` (`resourceid`)
) ENGINE=InnoDB AUTO_INCREMENT=5 DEFAULT CHARSET=utf8;
/*!40101 SET character_set_client = @saved_cs_client */;

--
-- Dumping data for table `z_resources_joins`
--

LOCK TABLES `z_resources_joins` WRITE;
/*!40000 ALTER TABLE `z_resources_joins` DISABLE KEYS */;
INSERT INTO `z_resources_joins` VALUES (2,2,8,'Z_Model_Roles','{{table}}.role_id={{jointable}}.id','title|rolename');
INSERT INTO `z_resources_joins` VALUES (3,3,19,'Z_Model_Resources','{{table}}.resource_id={{jointable}}.id','title|title');
INSERT INTO `z_resources_joins` VALUES (4,4,18,'Z_Model_Roles','{{table}}.parent_role_id={{jointable}}.id','title|title');
/*!40000 ALTER TABLE `z_resources_joins` ENABLE KEYS */;
UNLOCK TABLES;

--
-- Table structure for table `z_resources_refers`
--

DROP TABLE IF EXISTS `z_resources_refers`;
/*!40101 SET @saved_cs_client     = @@character_set_client */;
/*!40101 SET character_set_client = utf8 */;
CREATE TABLE `z_resources_refers` (
  `id` int(11) NOT NULL AUTO_INCREMENT,
  `resourceid` int(11) NOT NULL,
  `field` varchar(255) NOT NULL,
  `model` varchar(255) NOT NULL,
  `field1` varchar(255) NOT NULL,
  `field2` varchar(255) NOT NULL,
  PRIMARY KEY (`id`),
  KEY `resourceid` (`resourceid`)
) ENGINE=InnoDB AUTO_INCREMENT=2 DEFAULT CHARSET=utf8;
/*!40101 SET character_set_client = @saved_cs_client */;

--
-- Dumping data for table `z_resources_refers`
--

LOCK TABLES `z_resources_refers` WRITE;
/*!40000 ALTER TABLE `z_resources_refers` DISABLE KEYS */;
INSERT INTO `z_resources_refers` VALUES (1,19,'privileges','Z_Model_Privileges_Connect','rule_id','privilege_id');
/*!40000 ALTER TABLE `z_resources_refers` ENABLE KEYS */;
UNLOCK TABLES;

--
-- Table structure for table `z_roles`
--

DROP TABLE IF EXISTS `z_roles`;
/*!40101 SET @saved_cs_client     = @@character_set_client */;
/*!40101 SET character_set_client = utf8 */;
CREATE TABLE `z_roles` (
  `id` int(11) NOT NULL AUTO_INCREMENT,
  `roleId` varchar(255) NOT NULL,
  `title` varchar(255) NOT NULL,
  `z_can_delete` int(1) NOT NULL DEFAULT '1',
  PRIMARY KEY (`id`)
) ENGINE=InnoDB AUTO_INCREMENT=5 DEFAULT CHARSET=utf8;
/*!40101 SET character_set_client = @saved_cs_client */;

--
-- Dumping data for table `z_roles`
--

LOCK TABLES `z_roles` WRITE;
/*!40000 ALTER TABLE `z_roles` DISABLE KEYS */;
INSERT INTO `z_roles` VALUES (1,'guest','Посетитель сайта',0);
INSERT INTO `z_roles` VALUES (2,'root','Суперпользователь',0);
INSERT INTO `z_roles` VALUES (3,'admin','Администратор сайта',0);
INSERT INTO `z_roles` VALUES (4,'seo_role','SEO Специалист',0);
/*!40000 ALTER TABLE `z_roles` ENABLE KEYS */;
UNLOCK TABLES;

--
-- Table structure for table `z_roles_connect`
--

DROP TABLE IF EXISTS `z_roles_connect`;
/*!40101 SET @saved_cs_client     = @@character_set_client */;
/*!40101 SET character_set_client = utf8 */;
CREATE TABLE `z_roles_connect` (
  `id` int(11) NOT NULL AUTO_INCREMENT,
  `child_role_id` int(11) NOT NULL,
  `parent_role_id` int(11) NOT NULL,
  `orderid` int(11) NOT NULL,
  PRIMARY KEY (`id`),
  KEY `fk_child_role_id` (`child_role_id`),
  KEY `fk_parent_role_id` (`parent_role_id`),
  KEY `orderid` (`orderid`)
) ENGINE=InnoDB DEFAULT CHARSET=utf8;
/*!40101 SET character_set_client = @saved_cs_client */;

--
-- Dumping data for table `z_roles_connect`
--

LOCK TABLES `z_roles_connect` WRITE;
/*!40000 ALTER TABLE `z_roles_connect` DISABLE KEYS */;
/*!40000 ALTER TABLE `z_roles_connect` ENABLE KEYS */;
UNLOCK TABLES;

--
-- Table structure for table `z_rules`
--

DROP TABLE IF EXISTS `z_rules`;
/*!40101 SET @saved_cs_client     = @@character_set_client */;
/*!40101 SET character_set_client = utf8 */;
CREATE TABLE `z_rules` (
  `id` int(11) NOT NULL AUTO_INCREMENT,
  `role_id` int(11) NOT NULL,
  `resource_id` int(11) NOT NULL,
  `rule` enum('allow','deny') DEFAULT 'deny',
  PRIMARY KEY (`id`),
  KEY `fk_roleId` (`role_id`),
  KEY `fk_resourceId` (`resource_id`)
) ENGINE=InnoDB AUTO_INCREMENT=52 DEFAULT CHARSET=utf8;
/*!40101 SET character_set_client = @saved_cs_client */;

--
-- Dumping data for table `z_rules`
--

LOCK TABLES `z_rules` WRITE;
/*!40000 ALTER TABLE `z_rules` DISABLE KEYS */;
INSERT INTO `z_rules` VALUES (29,2,50,'allow');
INSERT INTO `z_rules` VALUES (38,3,11,'deny');
INSERT INTO `z_rules` VALUES (39,3,13,'deny');
INSERT INTO `z_rules` VALUES (41,3,24,'allow');
INSERT INTO `z_rules` VALUES (42,3,53,'allow');
INSERT INTO `z_rules` VALUES (44,3,31,'allow');
INSERT INTO `z_rules` VALUES (45,3,57,'deny');
INSERT INTO `z_rules` VALUES (46,3,74,'allow');
INSERT INTO `z_rules` VALUES (47,3,32,'allow');
INSERT INTO `z_rules` VALUES (48,4,32,'allow');
INSERT INTO `z_rules` VALUES (49,3,8,'deny');
INSERT INTO `z_rules` VALUES (50,3,85,'deny');
INSERT INTO `z_rules` VALUES (51,3,86,'allow');
/*!40000 ALTER TABLE `z_rules` ENABLE KEYS */;
UNLOCK TABLES;

--
-- Table structure for table `z_statpages`
--

DROP TABLE IF EXISTS `z_statpages`;
/*!40101 SET @saved_cs_client     = @@character_set_client */;
/*!40101 SET character_set_client = utf8 */;
CREATE TABLE `z_statpages` (
  `id` int(11) NOT NULL AUTO_INCREMENT,
  `sid` varchar(255) NOT NULL,
  `crated_on` timestamp NOT NULL DEFAULT CURRENT_TIMESTAMP,
  `title` varchar(255) NOT NULL,
  `text` text NOT NULL,
  `z_can_delete` int(1) NOT NULL DEFAULT '1',
  PRIMARY KEY (`id`),
  UNIQUE KEY `sid` (`sid`),
  KEY `crated_on` (`crated_on`)
) ENGINE=InnoDB AUTO_INCREMENT=8 DEFAULT CHARSET=utf8;
/*!40101 SET character_set_client = @saved_cs_client */;

--
-- Dumping data for table `z_statpages`
--

LOCK TABLES `z_statpages` WRITE;
/*!40000 ALTER TABLE `z_statpages` DISABLE KEYS */;
INSERT INTO `z_statpages` VALUES (6,'index','2010-05-31 05:40:46','Главная страница','<p>На этой странице Вы сможете разместить информацию о своей компании.</p>',0);
INSERT INTO `z_statpages` VALUES (7,'about','2011-08-15 13:15:36','О компании','<p>Текст страницы о компании</p>',0);
/*!40000 ALTER TABLE `z_statpages` ENABLE KEYS */;
UNLOCK TABLES;

--
-- Table structure for table `z_structure`
--

DROP TABLE IF EXISTS `z_structure`;
/*!40101 SET @saved_cs_client     = @@character_set_client */;
/*!40101 SET character_set_client = utf8 */;
CREATE TABLE `z_structure` (
  `id` int(11) NOT NULL AUTO_INCREMENT,
  `orderid` int(11) DEFAULT NULL,
  `parentid` int(11) DEFAULT NULL,
  `label` varchar(255) DEFAULT NULL,
  `uri` varchar(255) DEFAULT NULL,
  `module` varchar(255) DEFAULT NULL,
  `controller` varchar(255) DEFAULT NULL,
  `action` varchar(255) DEFAULT NULL,
  `params` varchar(255) DEFAULT NULL,
  `visible` int(1) DEFAULT '1',
  PRIMARY KEY (`id`)
) ENGINE=InnoDB DEFAULT CHARSET=utf8;
/*!40101 SET character_set_client = @saved_cs_client */;

--
-- Dumping data for table `z_structure`
--

LOCK TABLES `z_structure` WRITE;
/*!40000 ALTER TABLE `z_structure` DISABLE KEYS */;
/*!40000 ALTER TABLE `z_structure` ENABLE KEYS */;
UNLOCK TABLES;

--
-- Table structure for table `z_titles`
--

DROP TABLE IF EXISTS `z_titles`;
/*!40101 SET @saved_cs_client     = @@character_set_client */;
/*!40101 SET character_set_client = utf8 */;
CREATE TABLE `z_titles` (
  `id` int(11) NOT NULL AUTO_INCREMENT,
  `orderid` int(11) NOT NULL,
  `uri` varchar(1024) NOT NULL,
  `title` varchar(1024) NOT NULL,
  `title_block` int(1) DEFAULT '0',
  `description` varchar(1024) DEFAULT NULL,
  `description_block` int(1) DEFAULT '0',
  `keywords` varchar(1024) DEFAULT NULL,
  `keywords_block` int(1) DEFAULT '0',
  PRIMARY KEY (`id`),
  KEY `orderid` (`orderid`)
) ENGINE=InnoDB AUTO_INCREMENT=3 DEFAULT CHARSET=utf8;
/*!40101 SET character_set_client = @saved_cs_client */;

--
-- Dumping data for table `z_titles`
--

LOCK TABLES `z_titles` WRITE;
/*!40000 ALTER TABLE `z_titles` DISABLE KEYS */;
INSERT INTO `z_titles` VALUES (1,1,'/','ZCMF Сайт-Визитка',0,'Сайт разработан на php фреймворке ZCMF',0,'ZCMF, PHP, Zend Framework',0);
INSERT INTO `z_titles` VALUES (2,2,'/news','Новости',1,'',0,'',0);
/*!40000 ALTER TABLE `z_titles` ENABLE KEYS */;
UNLOCK TABLES;

--
-- Table structure for table `z_upload`
--

DROP TABLE IF EXISTS `z_upload`;
/*!40101 SET @saved_cs_client     = @@character_set_client */;
/*!40101 SET character_set_client = utf8 */;
CREATE TABLE `z_upload` (
  `id` int(11) NOT NULL AUTO_INCREMENT,
  `user_id` int(11) NOT NULL,
  `realname` varchar(255) NOT NULL,
  `path` varchar(255) NOT NULL,
  `name` varchar(255) NOT NULL DEFAULT '',
  `is_deleted` tinyint(1) NOT NULL DEFAULT '0',
  PRIMARY KEY (`id`)
) ENGINE=InnoDB AUTO_INCREMENT=54 DEFAULT CHARSET=utf8;
/*!40101 SET character_set_client = @saved_cs_client */;

--
-- Dumping data for table `z_upload`
--

LOCK TABLES `z_upload` WRITE;
/*!40000 ALTER TABLE `z_upload` DISABLE KEYS */;
INSERT INTO `z_upload` VALUES (45,3,'tree17_20070331_2072730071.jpg','T6BxNf3a','tree17_20070331_2072730071.jpg',0);
INSERT INTO `z_upload` VALUES (46,3,'tree16_20070331_1009766861.jpg','EoMSnLIH','tree16_20070331_1009766861.jpg',0);
INSERT INTO `z_upload` VALUES (47,3,'tree15_20070331_1328247210.jpg','lzSN5gBK','tree15_20070331_1328247210.jpg',0);
INSERT INTO `z_upload` VALUES (48,2,'zcmf.png','nDEtArS8','zcmf.png',0);
INSERT INTO `z_upload` VALUES (49,2,'tree16_20070331_1009766861.jpg','mS6Py43G','tree16_20070331_1009766861.jpg',0);
INSERT INTO `z_upload` VALUES (50,2,'tree10_20070331_1558032428.jpg','YMf53CJd','tree10_20070331_1558032428.jpg',0);
INSERT INTO `z_upload` VALUES (51,2,'tree1_20070331_1741782985.jpg','dLX4jv7B','tree1_20070331_1741782985.jpg',0);
INSERT INTO `z_upload` VALUES (52,2,'tree15_20070331_1328247210.jpg','bDAFILoS','tree15_20070331_1328247210.jpg',0);
INSERT INTO `z_upload` VALUES (53,2,'tree10_20070331_1558032428.jpg','jyfOIrlX','tree10_20070331_1558032428.jpg',0);
/*!40000 ALTER TABLE `z_upload` ENABLE KEYS */;
UNLOCK TABLES;

--
-- Table structure for table `z_users`
--

DROP TABLE IF EXISTS `z_users`;
/*!40101 SET @saved_cs_client     = @@character_set_client */;
/*!40101 SET character_set_client = utf8 */;
CREATE TABLE `z_users` (
  `id` int(11) NOT NULL AUTO_INCREMENT,
  `login` varchar(255) NOT NULL,
  `password` varchar(255) NOT NULL,
  `role_id` int(11) NOT NULL,
  `z_can_delete` int(1) NOT NULL DEFAULT '1',
  PRIMARY KEY (`id`),
  KEY `fk_z_users_z_roles1` (`role_id`)
) ENGINE=InnoDB AUTO_INCREMENT=4 DEFAULT CHARSET=utf8;
/*!40101 SET character_set_client = @saved_cs_client */;

--
-- Dumping data for table `z_users`
--

LOCK TABLES `z_users` WRITE;
/*!40000 ALTER TABLE `z_users` DISABLE KEYS */;
INSERT INTO `z_users` VALUES (1,'guest','7b9f4e78ce9b50235cf35aee4372062e:iJb5tIu9HUA2XPoFl1BTx4vV6egsjz3G',1,0);
INSERT INTO `z_users` VALUES (2,'root','e3ddfec6c944fa1388b213a338d7e4aa:3OsnTjzMt7EKxHVAJgd0bG9L45FXprlo',2,0);
INSERT INTO `z_users` VALUES (3,'admin','8b68c3c2e86d46a985204c2ba9bedd52:T1XUj489LeES6rz0G5onbyVd3vlmRBHJ',3,0);
/*!40000 ALTER TABLE `z_users` ENABLE KEYS */;
UNLOCK TABLES;
/*!40103 SET TIME_ZONE=@OLD_TIME_ZONE */;

/*!40101 SET SQL_MODE=@OLD_SQL_MODE */;
/*!40014 SET FOREIGN_KEY_CHECKS=@OLD_FOREIGN_KEY_CHECKS */;
/*!40014 SET UNIQUE_CHECKS=@OLD_UNIQUE_CHECKS */;
/*!40101 SET CHARACTER_SET_CLIENT=@OLD_CHARACTER_SET_CLIENT */;
/*!40101 SET CHARACTER_SET_RESULTS=@OLD_CHARACTER_SET_RESULTS */;
/*!40101 SET COLLATION_CONNECTION=@OLD_COLLATION_CONNECTION */;
/*!40111 SET SQL_NOTES=@OLD_SQL_NOTES */;

-- Dump completed on 2012-01-17 17:13:06
